operator_id,total_calls,incoming_calls,outgoing_calls,missed_incoming_calls,avg_wait_time,avg_call_duration,avg_total_call_duration,incoming_missed_ratio
879896,1131.0,60.0,1071.0,0.0,12.525198938992043,73.61715296198055,86.14235190097259,0.0
879898,7974.0,118.0,7856.0,0.0,14.16754451968899,34.97341359418109,49.14095811387008,0.0
880020,54.0,8.0,46.0,0.0,6.185185185185185,42.407407407407405,48.592592592592595,0.0
880022,219.0,8.0,211.0,0.0,19.977168949771688,83.57990867579909,103.55707762557077,0.0
880026,2439.0,25.0,2414.0,0.0,9.836818368183682,69.5670356703567,79.40385403854039,0.0
880028,2906.0,70.0,2836.0,0.0,16.377838953888507,58.037164487267724,74.41500344115623,0.0
880240,49.0,0.0,49.0,0.0,11.693877551020408,78.83673469387755,90.53061224489795,
881278,20.0,0.0,20.0,0.0,3.9,23.25,27.15,
882476,3.0,3.0,0.0,0.0,31.666666666666668,64.0,95.66666666666667,0.0
882478,4.0,3.0,1.0,0.0,20.75,17.0,37.75,0.0
882680,109.0,109.0,0.0,3.0,15.660550458715596,57.77981651376147,73.44036697247707,0.027522935779816515
882684,1364.0,643.0,721.0,4.0,15.486070381231672,172.0373900293255,187.5234604105572,0.006220839813374806
882686,3931.0,837.0,3094.0,6.0,17.598066649707455,101.8616128211651,119.45967947087256,0.007168458781362007
882688,82.0,20.0,62.0,0.0,23.21951219512195,117.35365853658537,140.5731707317073,0.0
882690,1766.0,176.0,1590.0,2.0,23.091166477916193,80.44563986409966,103.53680634201585,0.011363636363636364
883018,2.0,0.0,2.0,0.0,7.5,0.0,7.5,
883898,1.0,0.0,1.0,0.0,10.0,70.0,80.0,
883940,694.0,8.0,686.0,0.0,18.30115273775216,31.608069164265128,49.90922190201729,0.0
883942,2327.0,99.0,2228.0,0.0,13.437473141383755,66.84529437043403,80.2827675118178,0.0
884294,1.0,1.0,0.0,0.0,6.0,5.0,11.0,0.0
884402,4.0,0.0,4.0,0.0,18.25,53.5,71.75,
884406,6.0,0.0,6.0,0.0,23.666666666666668,2.6666666666666665,26.333333333333332,
884408,66.0,41.0,25.0,4.0,25.545454545454547,38.60606060606061,64.15151515151516,0.0975609756097561
884412,863.0,20.0,843.0,0.0,20.18539976825029,60.681344148319816,80.8667439165701,0.0
884478,2361.0,25.0,2336.0,0.0,15.774671749258788,21.628970775095297,37.40364252435409,0.0
884524,3.0,3.0,0.0,0.0,10.333333333333334,26.0,36.333333333333336,0.0
884946,2042.0,12.0,2030.0,0.0,21.729676787463273,20.765915768854065,42.495592556317334,0.0
885682,3.0,0.0,3.0,0.0,17.0,0.0,17.0,
885876,66049.0,1152.0,64897.0,24.0,23.261230298717617,70.61354448969705,93.87477478841465,0.020833333333333332
885890,66016.0,1363.0,64653.0,27.0,24.030780416868637,55.54915475036355,79.57993516723218,0.019809244314013204
886146,52.0,1.0,51.0,0.0,22.192307692307693,113.76923076923077,135.96153846153845,0.0
886674,14.0,14.0,0.0,0.0,13.785714285714286,13.214285714285714,27.0,0.0
886892,2.0,2.0,0.0,0.0,29.0,36.0,65.0,0.0
887276,1421.0,458.0,963.0,3.0,19.12667135819845,90.04433497536945,109.17100633356792,0.006550218340611353
887278,328.0,54.0,274.0,0.0,11.304878048780488,93.8170731707317,105.1219512195122,0.0
887280,8.0,0.0,8.0,0.0,2.5,3.875,6.375,
887282,2452.0,29.0,2423.0,0.0,14.431892332789559,70.1031810766721,84.53507340946166,0.0
887416,22.0,22.0,0.0,0.0,16.772727272727273,104.0909090909091,120.86363636363636,0.0
887802,145.0,20.0,125.0,0.0,12.537931034482758,70.47586206896551,83.01379310344828,0.0
887992,47.0,0.0,47.0,0.0,14.46808510638298,20.659574468085108,35.12765957446808,
888406,15.0,9.0,6.0,1.0,21.866666666666667,49.333333333333336,71.2,0.1111111111111111
888520,6.0,6.0,0.0,0.0,15.666666666666666,193.0,208.66666666666666,0.0
888532,218.0,12.0,206.0,2.0,10.275229357798166,49.20183486238532,59.477064220183486,0.16666666666666666
888534,398.0,61.0,337.0,2.0,12.987437185929648,56.97989949748744,69.96733668341709,0.03278688524590164
888536,60.0,2.0,58.0,0.0,11.466666666666667,21.75,33.21666666666667,0.0
888538,7.0,1.0,6.0,0.0,16.714285714285715,131.0,147.71428571428572,0.0
888540,20.0,3.0,17.0,0.0,13.7,130.65,144.35,0.0
888868,77.0,23.0,54.0,1.0,20.545454545454547,82.63636363636364,103.18181818181819,0.043478260869565216
889410,1568.0,464.0,1104.0,0.0,14.262117346938776,51.24808673469388,65.51020408163265,0.0
889638,4.0,4.0,0.0,0.0,14.5,11.0,25.5,0.0
889640,2.0,2.0,0.0,0.0,13.5,25.0,38.5,0.0
889754,1853.0,511.0,1342.0,2.0,14.961683756071237,63.68159740960604,78.64328116567728,0.003913894324853229
890226,7.0,4.0,3.0,0.0,18.857142857142858,11.571428571428571,30.428571428571427,0.0
890228,109.0,6.0,103.0,1.0,17.68807339449541,60.642201834862384,78.3302752293578,0.16666666666666666
890232,39.0,0.0,39.0,0.0,13.564102564102564,429.94871794871796,443.5128205128205,
890234,1.0,0.0,1.0,0.0,12.0,85.0,97.0,
890402,1928.0,548.0,1380.0,0.0,15.014522821576763,186.27489626556016,201.28941908713693,0.0
890404,2066.0,582.0,1484.0,2.0,15.74540174249758,188.21297192642788,203.95837366892545,0.003436426116838488
890406,1821.0,474.0,1347.0,5.0,14.55464030752334,221.17682591982427,235.73146622734762,0.010548523206751054
890410,1369.0,16.0,1353.0,0.0,17.859021183345508,156.69466764061357,174.5536888239591,0.0
890412,1373.0,29.0,1344.0,0.0,16.609613983976693,184.36125273124546,200.97086671522214,0.0
890416,1380.0,0.0,1380.0,0.0,18.320289855072463,160.07971014492753,178.4,
890420,746.0,0.0,746.0,0.0,18.482573726541556,166.343163538874,184.82573726541554,
890422,487.0,0.0,487.0,0.0,18.27310061601643,117.18891170431212,135.46201232032854,
890582,181.0,114.0,67.0,1.0,12.386740331491712,34.0939226519337,46.48066298342541,0.008771929824561403
890618,357.0,78.0,279.0,1.0,16.81232492997199,76.68627450980392,93.49859943977592,0.01282051282051282
891152,286.0,0.0,286.0,0.0,18.996503496503497,244.24475524475525,263.2412587412587,
891154,603.0,0.0,603.0,0.0,17.96849087893864,438.6832504145937,456.6517412935323,
891156,24.0,0.0,24.0,0.0,16.041666666666668,261.9583333333333,278.0,
891158,305.0,0.0,305.0,0.0,15.104918032786886,365.2983606557377,380.4032786885246,
891160,426.0,0.0,426.0,0.0,18.73474178403756,103.87089201877934,122.6056338028169,
891162,114.0,0.0,114.0,0.0,15.991228070175438,124.78947368421052,140.78070175438597,
891166,275.0,0.0,275.0,0.0,16.156363636363636,274.9818181818182,291.1381818181818,
891170,219.0,0.0,219.0,0.0,18.506849315068493,122.00456621004567,140.51141552511416,
891192,1.0,0.0,1.0,0.0,32.0,1306.0,1338.0,
891250,2.0,0.0,2.0,0.0,9.0,55.0,64.0,
891252,98.0,0.0,98.0,0.0,9.795918367346939,42.734693877551024,52.53061224489796,
891254,2.0,2.0,0.0,0.0,26.0,79.0,105.0,0.0
891410,3773.0,742.0,3031.0,2.0,9.923138086403393,97.9655446594222,107.8886827458256,0.0026954177897574125
891414,3374.0,528.0,2846.0,1.0,7.6197391819798455,90.11144042679312,97.73117960877298,0.001893939393939394
891416,966.0,152.0,814.0,0.0,9.660455486542443,86.83229813664596,96.4927536231884,0.0
891646,8.0,8.0,0.0,0.0,20.5,26.125,46.625,0.0
891744,14.0,5.0,9.0,0.0,13.714285714285714,12.857142857142858,26.571428571428573,0.0
891746,37.0,0.0,37.0,0.0,24.972972972972972,27.675675675675677,52.648648648648646,
891824,46.0,12.0,34.0,0.0,10.434782608695652,63.08695652173913,73.52173913043478,0.0
891900,36.0,36.0,0.0,0.0,37.166666666666664,122.63888888888889,159.80555555555554,0.0
891906,77.0,77.0,0.0,0.0,26.532467532467532,194.24675324675326,220.7792207792208,0.0
891908,51.0,40.0,11.0,0.0,8.96078431372549,185.94117647058823,194.90196078431373,0.0
891918,8.0,7.0,1.0,0.0,29.75,62.0,91.75,0.0
891946,52.0,17.0,35.0,0.0,18.307692307692307,45.36538461538461,63.67307692307692,0.0
891948,1.0,1.0,0.0,0.0,3.0,33.0,36.0,0.0
891970,21.0,0.0,21.0,0.0,14.523809523809524,52.666666666666664,67.19047619047619,
891976,2.0,0.0,2.0,0.0,11.5,0.0,11.5,
891988,944.0,441.0,503.0,0.0,12.544491525423728,102.66843220338983,115.21292372881356,0.0
892028,1554.0,0.0,1554.0,0.0,17.925353925353924,23.885456885456886,41.810810810810814,
892530,21.0,11.0,10.0,0.0,30.904761904761905,43.23809523809524,74.14285714285714,0.0
892532,176.0,74.0,102.0,0.0,22.75,75.6534090909091,98.4034090909091,0.0
892534,46.0,35.0,11.0,0.0,28.217391304347824,247.54347826086956,275.7608695652174,0.0
892536,34.0,17.0,17.0,0.0,22.58823529411765,94.02941176470588,116.61764705882354,0.0
892538,135.0,12.0,123.0,0.0,21.340740740740742,79.6,100.94074074074074,0.0
892798,37.0,1.0,36.0,0.0,7.594594594594595,6.135135135135135,13.72972972972973,0.0
892800,10.0,0.0,10.0,0.0,11.1,129.1,140.2,
893172,46.0,43.0,3.0,0.0,22.456521739130434,86.56521739130434,109.02173913043478,0.0
893400,6.0,3.0,3.0,0.0,18.0,15.166666666666666,33.166666666666664,0.0
893402,424.0,368.0,56.0,3.0,16.620283018867923,82.48820754716981,99.10849056603773,0.008152173913043478
893420,245.0,209.0,36.0,1.0,20.751020408163264,80.66122448979591,101.41224489795918,0.004784688995215311
893674,2701.0,0.0,2701.0,0.0,18.957052943354313,23.211032950758977,42.16808589411329,
893700,8.0,0.0,8.0,0.0,36.625,8.5,45.125,
893804,6570.0,2632.0,3938.0,12.0,13.311111111111112,46.74003044140031,60.05114155251142,0.004559270516717325
894120,24.0,24.0,0.0,1.0,20.541666666666668,75.83333333333333,96.375,0.041666666666666664
894224,50.0,17.0,33.0,1.0,8.88,29.04,37.92,0.058823529411764705
894226,25.0,0.0,25.0,0.0,13.72,4.52,18.24,
894230,21.0,6.0,15.0,1.0,11.666666666666666,31.285714285714285,42.95238095238095,0.16666666666666666
894232,21.0,5.0,16.0,1.0,15.380952380952381,21.095238095238095,36.476190476190474,0.2
894614,8.0,8.0,0.0,1.0,14.375,183.375,197.75,0.125
894656,3416.0,20.0,3396.0,0.0,9.709894613583138,40.03132318501171,49.741217798594846,0.0
894662,49.0,1.0,48.0,0.0,12.46938775510204,246.3877551020408,258.85714285714283,0.0
894934,20.0,0.0,20.0,0.0,5.65,3.0,8.65,
895140,4.0,4.0,0.0,0.0,38.0,22.75,60.75,0.0
895170,11.0,11.0,0.0,0.0,14.636363636363637,69.45454545454545,84.0909090909091,0.0
895172,95.0,9.0,86.0,0.0,18.589473684210525,71.6421052631579,90.23157894736842,0.0
895266,4.0,3.0,1.0,0.0,10.75,12.0,22.75,0.0
895370,10.0,0.0,10.0,0.0,6.9,21.7,28.6,
895574,99.0,99.0,0.0,3.0,15.202020202020202,114.81818181818181,130.02020202020202,0.030303030303030304
895576,80.0,80.0,0.0,1.0,17.6625,94.5875,112.25,0.0125
895578,64.0,64.0,0.0,0.0,14.609375,77.390625,92.0,0.0
895598,5.0,3.0,2.0,0.0,8.4,14.4,22.8,0.0
895774,131.0,13.0,118.0,0.0,13.541984732824428,57.221374045801525,70.76335877862596,0.0
895776,264.0,12.0,252.0,1.0,14.113636363636363,48.39393939393939,62.50757575757576,0.08333333333333333
895782,14.0,14.0,0.0,0.0,20.428571428571427,35.714285714285715,56.142857142857146,0.0
895786,46.0,46.0,0.0,0.0,22.108695652173914,61.630434782608695,83.73913043478261,0.0
896008,202.0,0.0,202.0,0.0,10.98019801980198,62.806930693069305,73.7871287128713,
896010,15.0,10.0,5.0,0.0,13.4,32.8,46.2,0.0
896012,270.0,270.0,0.0,1.0,5.966666666666667,124.97407407407407,130.94074074074075,0.003703703703703704
896014,28.0,19.0,9.0,0.0,12.214285714285714,52.07142857142857,64.28571428571429,0.0
896016,377.0,83.0,294.0,0.0,11.705570291777189,55.83819628647215,67.54376657824933,0.0
896018,20.0,9.0,11.0,0.0,17.6,27.1,44.7,0.0
896020,16.0,16.0,0.0,0.0,0.9375,29.5,30.4375,0.0
896382,437.0,41.0,396.0,0.0,20.361556064073227,78.18764302059496,98.54919908466819,0.0
896384,30.0,0.0,30.0,0.0,22.366666666666667,115.46666666666667,137.83333333333334,
896386,76.0,0.0,76.0,0.0,24.342105263157894,54.421052631578945,78.76315789473684,
896390,97.0,0.0,97.0,0.0,20.31958762886598,86.63917525773196,106.95876288659794,
896428,259.0,38.0,221.0,0.0,12.293436293436294,88.27413127413128,100.56756756756756,0.0
896430,19.0,1.0,18.0,0.0,8.526315789473685,38.8421052631579,47.36842105263158,0.0
896536,208.0,208.0,0.0,2.0,20.990384615384617,132.95192307692307,153.94230769230768,0.009615384615384616
896538,14.0,14.0,0.0,1.0,47.5,149.07142857142858,196.57142857142858,0.07142857142857142
896708,240.0,66.0,174.0,0.0,15.9125,114.82916666666667,130.74166666666667,0.0
897030,82.0,6.0,76.0,0.0,13.951219512195122,53.0,66.95121951219512,0.0
897872,57.0,4.0,53.0,1.0,6.649122807017544,91.19298245614036,97.84210526315789,0.25
897894,19.0,0.0,19.0,0.0,14.0,485.7894736842105,499.7894736842105,
898414,91.0,32.0,59.0,1.0,13.241758241758241,54.285714285714285,67.52747252747253,0.03125
898422,101.0,65.0,36.0,1.0,7.98019801980198,61.415841584158414,69.39603960396039,0.015384615384615385
898434,10.0,0.0,10.0,0.0,40.1,0.6,40.7,
898558,23.0,23.0,0.0,0.0,28.47826086956522,36.47826086956522,64.95652173913044,0.0
898560,21.0,21.0,0.0,0.0,32.095238095238095,64.52380952380952,96.61904761904762,0.0
898676,3.0,3.0,0.0,0.0,8.333333333333334,94.66666666666667,103.0,0.0
898892,102.0,12.0,90.0,0.0,20.725490196078432,58.14705882352941,78.87254901960785,0.0
898902,22.0,0.0,22.0,0.0,21.454545454545453,30.272727272727273,51.72727272727273,
898906,147.0,20.0,127.0,0.0,18.53061224489796,63.775510204081634,82.3061224489796,0.0
898920,79.0,13.0,66.0,0.0,17.670886075949365,101.0379746835443,118.70886075949367,0.0
899076,2.0,0.0,2.0,0.0,23.5,0.0,23.5,
899082,2372.0,713.0,1659.0,1.0,18.771922428330523,40.320404721753796,59.092327150084316,0.001402524544179523
899250,1979.0,309.0,1670.0,5.0,21.040424456796362,36.038403233956544,57.0788276907529,0.016181229773462782
899268,32.0,32.0,0.0,2.0,20.8125,100.84375,121.65625,0.0625
899788,655.0,0.0,655.0,0.0,19.16030534351145,95.52213740458015,114.6824427480916,
899790,731.0,0.0,731.0,0.0,21.68809849521204,101.8467852257182,123.53488372093024,
899892,3.0,3.0,0.0,0.0,31.666666666666668,63.666666666666664,95.33333333333333,0.0
899898,2.0,2.0,0.0,0.0,25.0,590.0,615.0,0.0
899900,3.0,3.0,0.0,0.0,62.333333333333336,176.0,238.33333333333334,0.0
899906,1.0,1.0,0.0,0.0,19.0,626.0,645.0,0.0
899912,1.0,1.0,0.0,0.0,19.0,189.0,208.0,0.0
899932,779.0,0.0,779.0,0.0,18.661103979460847,140.18356867779204,158.8446726572529,
899964,470.0,0.0,470.0,0.0,20.125531914893617,130.41702127659573,150.54255319148936,
899968,407.0,0.0,407.0,0.0,19.683046683046683,126.1007371007371,145.78378378378378,
899972,195.0,0.0,195.0,0.0,16.97948717948718,119.56923076923077,136.54871794871795,
900180,1904.0,17.0,1887.0,0.0,18.251575630252102,38.684348739495796,56.9359243697479,0.0
900192,3.0,2.0,1.0,0.0,5.0,1.3333333333333333,6.333333333333333,0.0
900194,110.0,61.0,49.0,3.0,26.118181818181817,151.94545454545454,178.06363636363636,0.04918032786885246
900352,558.0,210.0,348.0,3.0,15.25089605734767,96.26881720430107,111.51971326164875,0.014285714285714285
900354,708.0,174.0,534.0,4.0,15.067796610169491,91.13418079096046,106.20197740112994,0.022988505747126436
900458,29.0,1.0,28.0,0.0,20.03448275862069,12.137931034482758,32.172413793103445,0.0
900492,276.0,18.0,258.0,1.0,22.829710144927535,49.268115942028984,72.09782608695652,0.05555555555555555
900592,406.0,285.0,121.0,0.0,8.839901477832512,76.1871921182266,85.02709359605912,0.0
900594,250.0,35.0,215.0,0.0,9.56,126.652,136.212,0.0
900614,66.0,26.0,40.0,0.0,9.106060606060606,60.68181818181818,69.78787878787878,0.0
900742,42.0,24.0,18.0,0.0,10.714285714285714,41.976190476190474,52.69047619047619,0.0
900746,77.0,26.0,51.0,2.0,12.454545454545455,66.85714285714286,79.31168831168831,0.07692307692307693
900788,224.0,131.0,93.0,1.0,9.651785714285714,112.41964285714286,122.07142857142857,0.007633587786259542
900790,105.0,44.0,61.0,0.0,10.495238095238095,83.88571428571429,94.38095238095238,0.0
900792,9.0,1.0,8.0,0.0,14.88888888888889,18.666666666666668,33.55555555555556,0.0
900826,648.0,99.0,549.0,0.0,18.83179012345679,91.1358024691358,109.9675925925926,0.0
900892,1381.0,358.0,1023.0,3.0,13.20492396813903,70.18102824040551,83.38595220854454,0.008379888268156424
900894,342.0,114.0,228.0,1.0,14.447368421052632,91.64619883040936,106.09356725146199,0.008771929824561403
901034,25.0,13.0,12.0,0.0,10.16,74.36,84.52,0.0
901038,38.0,5.0,33.0,0.0,12.078947368421053,134.05263157894737,146.1315789473684,0.0
901178,358.0,329.0,29.0,0.0,9.276536312849162,64.34916201117318,73.62569832402235,0.0
901350,111.0,111.0,0.0,0.0,24.882882882882882,36.73873873873874,61.62162162162162,0.0
901492,42.0,39.0,3.0,0.0,23.69047619047619,90.5,114.19047619047619,0.0
901498,5.0,5.0,0.0,0.0,53.0,39.6,92.6,0.0
901584,314.0,125.0,189.0,0.0,9.429936305732484,66.21974522292993,75.64968152866243,0.0
901586,140.0,44.0,96.0,0.0,8.157142857142857,73.94285714285714,82.1,0.0
901588,91.0,31.0,60.0,0.0,10.307692307692308,97.52747252747253,107.83516483516483,0.0
901734,30.0,30.0,0.0,0.0,14.2,85.2,99.4,0.0
901880,4655.0,2064.0,2591.0,11.0,12.072610096670248,102.04189044038668,114.11450053705693,0.005329457364341085
901884,2846.0,614.0,2232.0,1.0,15.179901616303583,112.65600843288827,127.83591004919185,0.0016286644951140066
901886,1786.0,150.0,1636.0,0.0,17.99552071668533,73.01007838745801,91.00559910414334,0.0
901894,30.0,30.0,0.0,0.0,24.733333333333334,103.36666666666666,128.1,0.0
901992,830.0,13.0,817.0,0.0,21.191566265060242,70.29397590361445,91.4855421686747,0.0
901996,29.0,3.0,26.0,0.0,21.413793103448278,32.0,53.41379310344828,0.0
902238,2.0,1.0,1.0,0.0,6.5,10.5,17.0,0.0
902510,2117.0,137.0,1980.0,2.0,21.018422295701463,76.80255077940483,97.82097307510628,0.014598540145985401
902532,1216.0,277.0,939.0,1.0,18.60855263157895,98.85197368421052,117.46052631578948,0.0036101083032490976
902608,233.0,14.0,219.0,0.0,20.678111587982833,37.682403433476395,58.36051502145923,0.0
902720,2722.0,105.0,2617.0,0.0,18.063188831741368,32.33688464364438,50.400073475385746,0.0
902742,1232.0,0.0,1232.0,0.0,20.330357142857142,119.11607142857143,139.44642857142858,
902744,3457.0,0.0,3457.0,0.0,16.600520682672837,28.6120914087359,45.21261209140874,
902746,2748.0,0.0,2748.0,0.0,19.766375545851528,52.93449781659389,72.70087336244542,
902748,2831.0,0.0,2831.0,0.0,21.623807841752033,25.291769692688096,46.915577534440125,
902774,1126.0,0.0,1126.0,0.0,24.864120781527532,56.10301953818828,80.96714031971581,
902776,1824.0,0.0,1824.0,0.0,21.640350877192983,48.28563596491228,69.92598684210526,
902778,1327.0,0.0,1327.0,0.0,17.132629992464206,64.54031650339111,81.67294649585531,
902782,1473.0,0.0,1473.0,0.0,23.841140529531568,115.37813985064494,139.2192803801765,
902906,49.0,49.0,0.0,0.0,17.26530612244898,114.16326530612245,131.42857142857142,0.0
902910,31.0,31.0,0.0,1.0,26.387096774193548,56.0,82.38709677419355,0.03225806451612903
903254,1845.0,262.0,1583.0,0.0,17.3159891598916,60.50027100271003,77.81626016260162,0.0
903292,346.0,43.0,303.0,0.0,15.248554913294798,70.91907514450867,86.16763005780346,0.0
903312,199.0,146.0,53.0,2.0,17.894472361809044,95.07035175879398,112.96482412060301,0.0136986301369863
903318,1646.0,314.0,1332.0,3.0,17.086269744835967,130.3778857837181,147.46415552855407,0.009554140127388535
903390,9.0,9.0,0.0,0.0,15.777777777777779,53.333333333333336,69.11111111111111,0.0
903512,28.0,28.0,0.0,0.0,42.5,87.17857142857143,129.67857142857142,0.0
903974,11.0,11.0,0.0,0.0,16.818181818181817,8.818181818181818,25.636363636363637,0.0
903976,5.0,5.0,0.0,0.0,8.4,26.8,35.2,0.0
903978,18.0,8.0,10.0,0.0,5.0,15.333333333333334,20.333333333333332,0.0
904014,1475.0,46.0,1429.0,0.0,16.896949152542373,44.90372881355932,61.800677966101695,0.0
904016,5175.0,55.0,5120.0,2.0,19.168115942028987,29.047729468599034,48.21584541062802,0.03636363636363636
904038,729.0,498.0,231.0,2.0,10.503429355281208,180.33058984910838,190.83401920438956,0.004016064257028112
904044,144.0,117.0,27.0,1.0,16.625,237.64583333333334,254.27083333333334,0.008547008547008548
904058,19.0,19.0,0.0,0.0,16.36842105263158,65.3157894736842,81.6842105263158,0.0
904200,20.0,8.0,12.0,0.0,18.15,27.45,45.6,0.0
904202,255.0,9.0,246.0,0.0,16.909803921568628,71.70980392156862,88.61960784313726,0.0
904204,64.0,5.0,59.0,0.0,18.640625,32.375,51.015625,0.0
904284,49.0,49.0,0.0,0.0,15.73469387755102,61.48979591836735,77.22448979591837,0.0
904344,12.0,7.0,5.0,6.0,8.416666666666666,22.75,31.166666666666668,0.8571428571428571
904372,4.0,4.0,0.0,0.0,23.25,11.75,35.0,0.0
905082,4.0,4.0,0.0,0.0,17.0,2.5,19.5,0.0
905104,536.0,326.0,210.0,8.0,12.753731343283581,74.93283582089552,87.68656716417911,0.024539877300613498
905300,29.0,29.0,0.0,6.0,22.413793103448278,19.896551724137932,42.310344827586206,0.20689655172413793
905308,3.0,0.0,3.0,0.0,5.0,0.0,5.0,
905430,949.0,114.0,835.0,1.0,18.858798735511066,85.22866174920969,104.08746048472076,0.008771929824561403
905432,971.0,12.0,959.0,0.0,19.54788877445932,60.17198764160659,79.71987641606592,0.0
905470,3.0,0.0,3.0,0.0,3.3333333333333335,31.333333333333332,34.666666666666664,
905472,11.0,2.0,9.0,0.0,10.0,9.909090909090908,19.90909090909091,0.0
905478,1.0,1.0,0.0,0.0,36.0,22.0,58.0,0.0
905480,1.0,0.0,1.0,0.0,5.0,0.0,5.0,
905538,3843.0,264.0,3579.0,2.0,15.720010408534998,49.27660681759043,64.99661722612542,0.007575757575757576
905542,2302.0,129.0,2173.0,3.0,13.46611642050391,59.48696785403997,72.95308427454387,0.023255813953488372
905564,816.0,58.0,758.0,1.0,14.470588235294118,58.006127450980394,72.47671568627452,0.017241379310344827
905566,957.0,47.0,910.0,2.0,13.67816091954023,49.23510971786834,62.913270637408566,0.0425531914893617
905570,102.0,0.0,102.0,0.0,10.068627450980392,63.931372549019606,74.0,
905574,479.0,5.0,474.0,0.0,8.417536534446764,32.76409185803758,41.18162839248434,0.0
905840,7.0,0.0,7.0,0.0,19.714285714285715,57.142857142857146,76.85714285714286,
905842,1253.0,2.0,1251.0,0.0,14.532322426177174,71.54668794892258,86.07901037509976,0.0
905844,1146.0,18.0,1128.0,0.0,20.48952879581152,60.70855148342059,81.19808027923212,0.0
905862,113.0,112.0,1.0,15.0,11.238938053097344,83.3716814159292,94.61061946902655,0.13392857142857142
905870,765.0,151.0,614.0,0.0,19.011764705882353,70.60653594771242,89.61830065359477,0.0
905930,487.0,80.0,407.0,0.0,8.938398357289527,88.16837782340862,97.10677618069815,0.0
905932,398.0,39.0,359.0,0.0,10.113065326633166,105.42462311557789,115.53768844221105,0.0
905934,22.0,1.0,21.0,0.0,7.636363636363637,222.86363636363637,230.5,0.0
906070,450.0,361.0,89.0,2.0,32.47555555555556,131.01777777777778,163.49333333333334,0.00554016620498615
906076,25.0,24.0,1.0,0.0,49.2,107.64,156.84,0.0
906294,632.0,323.0,309.0,2.0,8.397151898734178,94.17879746835443,102.57594936708861,0.006191950464396285
906296,236.0,6.0,230.0,0.0,8.665254237288135,43.20338983050848,51.86864406779661,0.0
906392,80.0,19.0,61.0,7.0,10.7375,32.65,43.3875,0.3684210526315789
906394,616.0,41.0,575.0,0.0,8.926948051948052,109.06168831168831,117.98863636363636,0.0
906396,569.0,129.0,440.0,3.0,11.878734622144112,75.67486818980667,87.5536028119508,0.023255813953488372
906398,107.0,64.0,43.0,0.0,17.411214953271028,91.04672897196262,108.45794392523365,0.0
906400,606.0,144.0,462.0,5.0,12.209570957095709,65.27722772277228,77.48679867986799,0.034722222222222224
906402,24.0,7.0,17.0,0.0,18.125,74.625,92.75,0.0
906404,1272.0,599.0,673.0,7.0,20.263364779874212,117.73270440251572,137.99606918238993,0.011686143572621035
906406,2049.0,836.0,1213.0,3.0,17.35236700829673,75.00927281600781,92.36163982430453,0.0035885167464114833
906408,370.0,264.0,106.0,4.0,22.237837837837837,100.6108108108108,122.84864864864865,0.015151515151515152
906410,265.0,244.0,21.0,9.0,24.464150943396227,65.21132075471698,89.67547169811321,0.036885245901639344
906412,354.0,26.0,328.0,7.0,9.771186440677965,52.71468926553672,62.48587570621469,0.2692307692307692
906416,88.0,6.0,82.0,0.0,17.46590909090909,162.3409090909091,179.8068181818182,0.0
906418,9.0,5.0,4.0,0.0,15.11111111111111,49.44444444444444,64.55555555555556,0.0
906420,38.0,5.0,33.0,0.0,13.368421052631579,86.23684210526316,99.60526315789474,0.0
906680,385.0,215.0,170.0,2.0,27.205194805194804,53.88831168831169,81.0935064935065,0.009302325581395349
906866,655.0,0.0,655.0,0.0,15.970992366412213,34.52977099236641,50.50076335877863,
907174,2873.0,10.0,2863.0,0.0,16.137138879220327,45.645666550643924,61.782805429864254,0.0
907178,214.0,5.0,209.0,0.0,12.439252336448599,36.96261682242991,49.401869158878505,0.0
907180,87.0,0.0,87.0,0.0,11.298850574712644,55.91954022988506,67.2183908045977,
907182,339.0,72.0,267.0,0.0,7.1386430678466075,68.14749262536873,75.28613569321534,0.0
907224,387.0,51.0,336.0,0.0,12.188630490956072,89.06459948320413,101.2532299741602,0.0
907440,197.0,6.0,191.0,0.0,9.802030456852792,50.08121827411168,59.88324873096447,0.0
907442,93.0,0.0,93.0,0.0,16.70967741935484,37.913978494623656,54.623655913978496,
907502,263.0,263.0,0.0,2.0,20.026615969581748,49.98479087452471,70.01140684410646,0.0076045627376425855
907504,30.0,5.0,25.0,0.0,7.2,15.066666666666666,22.266666666666666,0.0
907618,1.0,1.0,0.0,0.0,35.0,39.0,74.0,0.0
907952,245.0,51.0,194.0,2.0,7.96734693877551,82.81224489795919,90.7795918367347,0.0392156862745098
907964,81.0,19.0,62.0,0.0,7.617283950617284,100.19753086419753,107.81481481481481,0.0
907970,190.0,18.0,172.0,0.0,5.8578947368421055,79.83157894736843,85.68947368421053,0.0
907972,14.0,6.0,8.0,0.0,15.214285714285714,54.0,69.21428571428571,0.0
907974,3.0,3.0,0.0,0.0,9.666666666666666,427.0,436.6666666666667,0.0
907982,165.0,76.0,89.0,1.0,12.672727272727272,86.36969696969697,99.04242424242425,0.013157894736842105
907986,502.0,1.0,501.0,0.0,4.824701195219124,28.756972111553786,33.581673306772906,0.0
907994,164.0,42.0,122.0,0.0,8.823170731707316,115.92073170731707,124.7439024390244,0.0
907998,2.0,0.0,2.0,0.0,13.0,11.5,24.5,
908002,24.0,8.0,16.0,0.0,17.625,13.958333333333334,31.583333333333332,0.0
908078,115.0,46.0,69.0,0.0,11.173913043478262,68.5304347826087,79.70434782608696,0.0
908080,8.0,7.0,1.0,0.0,13.5,155.75,169.25,0.0
908082,51.0,31.0,20.0,0.0,8.686274509803921,103.23529411764706,111.92156862745098,0.0
908098,9.0,9.0,0.0,0.0,26.666666666666668,44.22222222222222,70.88888888888889,0.0
908130,3.0,3.0,0.0,0.0,28.333333333333332,74.66666666666667,103.0,0.0
908152,15.0,15.0,0.0,0.0,40.0,47.46666666666667,87.46666666666667,0.0
908162,3.0,3.0,0.0,0.0,53.0,93.66666666666667,146.66666666666666,0.0
908180,1.0,1.0,0.0,0.0,15.0,6.0,21.0,0.0
908300,5.0,5.0,0.0,0.0,56.2,10.0,66.2,0.0
908640,16699.0,0.0,16699.0,0.0,10.763279238277741,19.196119528115457,29.959398766393196,
908718,3.0,0.0,3.0,0.0,38.666666666666664,14.666666666666666,53.333333333333336,
908834,25.0,23.0,2.0,0.0,35.88,68.44,104.32,0.0
908958,1142.0,1010.0,132.0,4.0,25.45971978984238,102.62434325744309,128.08406304728547,0.0039603960396039604
908960,872.0,756.0,116.0,14.0,21.658256880733944,89.6788990825688,111.33715596330275,0.018518518518518517
908984,13.0,0.0,13.0,0.0,25.846153846153847,41.69230769230769,67.53846153846153,
909134,221.0,215.0,6.0,1.0,34.60633484162896,146.9547511312217,181.5610859728507,0.004651162790697674
909308,15.0,0.0,15.0,0.0,23.266666666666666,0.0,23.266666666666666,
909392,5.0,5.0,0.0,0.0,26.0,102.6,128.6,0.0
909452,8.0,0.0,8.0,0.0,14.375,424.25,438.625,
909502,865.0,0.0,865.0,0.0,20.53757225433526,60.465895953757226,81.00346820809249,
909624,3.0,3.0,0.0,0.0,33.666666666666664,51.666666666666664,85.33333333333333,0.0
909768,14.0,14.0,0.0,0.0,42.0,278.64285714285717,320.64285714285717,0.0
909892,8.0,4.0,4.0,0.0,9.0,59.625,68.625,0.0
909894,1.0,1.0,0.0,0.0,13.0,19.0,32.0,0.0
909896,1.0,1.0,0.0,0.0,9.0,16.0,25.0,0.0
909910,344.0,0.0,344.0,0.0,9.19767441860465,93.16569767441861,102.36337209302326,
910018,133.0,133.0,0.0,0.0,24.037593984962406,191.88721804511277,215.9248120300752,0.0
910038,2.0,2.0,0.0,0.0,15.0,102.0,117.0,0.0
910044,19.0,19.0,0.0,0.0,14.842105263157896,131.94736842105263,146.78947368421052,0.0
910224,11.0,11.0,0.0,0.0,13.909090909090908,30.272727272727273,44.18181818181818,0.0
910226,8.0,8.0,0.0,2.0,16.5,43.375,59.875,0.25
910516,35.0,35.0,0.0,0.0,22.37142857142857,64.54285714285714,86.91428571428571,0.0
910520,227.0,0.0,227.0,0.0,13.13215859030837,80.84581497797357,93.97797356828194,
910524,85.0,0.0,85.0,0.0,14.988235294117647,69.12941176470588,84.11764705882354,
910530,1077.0,0.0,1077.0,0.0,16.44196843082637,45.34447539461467,61.78644382544104,
910532,214.0,0.0,214.0,0.0,11.16822429906542,55.149532710280376,66.3177570093458,
910540,169.0,169.0,0.0,1.0,20.94674556213018,190.02366863905326,210.97041420118344,0.005917159763313609
910594,28.0,0.0,28.0,0.0,17.571428571428573,2.892857142857143,20.464285714285715,
910902,17.0,0.0,17.0,0.0,13.058823529411764,391.8235294117647,404.88235294117646,
910926,25.0,0.0,25.0,0.0,12.56,405.0,417.56,
910958,13.0,13.0,0.0,0.0,54.53846153846154,60.92307692307692,115.46153846153847,0.0
911102,36.0,36.0,0.0,3.0,29.86111111111111,43.22222222222222,73.08333333333333,0.08333333333333333
911104,1.0,1.0,0.0,0.0,13.0,137.0,150.0,0.0
911136,240.0,240.0,0.0,1.0,19.858333333333334,135.14166666666668,155.0,0.004166666666666667
911138,316.0,316.0,0.0,4.0,19.59493670886076,130.20569620253164,149.8006329113924,0.012658227848101266
911140,75.0,75.0,0.0,2.0,26.2,125.18666666666667,151.38666666666666,0.02666666666666667
911142,26.0,26.0,0.0,3.0,45.61538461538461,35.53846153846154,81.15384615384616,0.11538461538461539
911152,2.0,2.0,0.0,0.0,21.5,29.5,51.0,0.0
911214,2.0,2.0,0.0,0.0,18.0,10.5,28.5,0.0
911310,525.0,418.0,107.0,3.0,14.363809523809524,62.72,77.08380952380952,0.007177033492822967
912010,146.0,146.0,0.0,2.0,18.246575342465754,58.04109589041096,76.28767123287672,0.0136986301369863
912252,311.0,42.0,269.0,0.0,17.19614147909968,86.80064308681672,103.9967845659164,0.0
912296,687.0,176.0,511.0,3.0,12.158660844250363,78.9475982532751,91.10625909752547,0.017045454545454544
912684,28.0,28.0,0.0,1.0,36.07142857142857,84.67857142857143,120.75,0.03571428571428571
912722,607.0,175.0,432.0,0.0,10.935749588138385,73.38879736408566,84.32454695222405,0.0
913474,13.0,2.0,11.0,0.0,18.615384615384617,13.0,31.615384615384617,0.0
913780,5.0,5.0,0.0,0.0,17.8,52.4,70.2,0.0
913788,1860.0,831.0,1029.0,2.0,16.217741935483872,64.10913978494624,80.32688172043011,0.0024067388688327317
913868,44.0,19.0,25.0,0.0,5.386363636363637,14.795454545454545,20.181818181818183,0.0
913886,2.0,2.0,0.0,1.0,13.5,19.0,32.5,0.5
913938,5657.0,5221.0,436.0,15.0,9.74756938306523,72.02404101113665,81.77161039420187,0.002873012832790653
913942,3109.0,2641.0,468.0,55.0,13.035381151495658,75.52943068510776,88.56481183660341,0.020825444907232107
913984,12.0,1.0,11.0,0.0,6.25,17.75,24.0,0.0
914036,35.0,0.0,35.0,0.0,19.942857142857143,64.28571428571429,84.22857142857143,
914050,438.0,12.0,426.0,0.0,23.397260273972602,101.47260273972603,124.86986301369863,0.0
914052,1468.0,0.0,1468.0,0.0,16.832425068119893,18.78201634877384,35.61444141689373,
914168,11.0,1.0,10.0,0.0,30.09090909090909,107.9090909090909,138.0,0.0
914170,19.0,15.0,4.0,0.0,11.526315789473685,201.78947368421052,213.31578947368422,0.0
914172,12.0,12.0,0.0,0.0,11.5,18.833333333333332,30.333333333333332,0.0
914238,374.0,0.0,374.0,0.0,4.938502673796791,31.78342245989305,36.72192513368984,
914240,56.0,0.0,56.0,0.0,18.017857142857142,59.55357142857143,77.57142857142857,
914256,26.0,25.0,1.0,0.0,15.076923076923077,64.07692307692308,79.15384615384616,0.0
914266,5.0,0.0,5.0,0.0,13.4,14.4,27.8,
914272,1.0,0.0,1.0,0.0,9.0,0.0,9.0,
914338,48.0,0.0,48.0,0.0,7.229166666666667,23.979166666666668,31.208333333333332,
914348,9.0,0.0,9.0,0.0,4.666666666666667,236.22222222222223,240.88888888888889,
914426,7.0,3.0,4.0,0.0,21.857142857142858,78.42857142857143,100.28571428571429,0.0
914440,31.0,30.0,1.0,1.0,18.548387096774192,117.54838709677419,136.09677419354838,0.03333333333333333
914626,1.0,0.0,1.0,0.0,0.0,0.0,0.0,
914630,168.0,25.0,143.0,0.0,20.101190476190474,90.29761904761905,110.39880952380952,0.0
914636,18.0,3.0,15.0,0.0,13.88888888888889,109.88888888888889,123.77777777777777,0.0
914816,7.0,0.0,7.0,0.0,19.857142857142858,221.71428571428572,241.57142857142858,
914842,6.0,6.0,0.0,0.0,18.833333333333332,289.6666666666667,308.5,0.0
914848,22.0,2.0,20.0,0.0,21.40909090909091,43.81818181818182,65.22727272727273,0.0
914870,9.0,5.0,4.0,0.0,12.88888888888889,30.555555555555557,43.44444444444444,0.0
915358,277.0,0.0,277.0,0.0,6.837545126353791,35.0072202166065,41.84476534296029,
915360,287.0,0.0,287.0,0.0,6.958188153310105,70.84668989547038,77.8048780487805,
915504,33.0,0.0,33.0,0.0,23.242424242424242,145.5151515151515,168.75757575757575,
915556,2421.0,196.0,2225.0,3.0,23.66749277158199,87.32961586121438,110.99710863279637,0.015306122448979591
915558,161.0,0.0,161.0,0.0,13.006211180124224,78.53416149068323,91.54037267080746,
915614,78.0,2.0,76.0,0.0,11.192307692307692,19.141025641025642,30.333333333333332,0.0
915958,34.0,11.0,23.0,0.0,15.117647058823529,138.58823529411765,153.7058823529412,0.0
916424,636.0,493.0,143.0,3.0,10.297169811320755,76.39622641509433,86.69339622641509,0.006085192697768763
916596,30.0,0.0,30.0,0.0,12.366666666666667,50.36666666666667,62.733333333333334,
916618,175.0,55.0,120.0,0.0,12.805714285714286,72.92,85.72571428571429,0.0
917234,1225.0,5.0,1220.0,0.0,17.085714285714285,57.140408163265306,74.2261224489796,0.0
917252,21.0,7.0,14.0,0.0,20.476190476190474,46.80952380952381,67.28571428571429,0.0
917378,17.0,3.0,14.0,0.0,16.88235294117647,31.41176470588235,48.294117647058826,0.0
917446,15.0,0.0,15.0,0.0,24.2,52.6,76.8,
917680,45.0,2.0,43.0,0.0,15.022222222222222,16.77777777777778,31.8,0.0
917682,7.0,0.0,7.0,0.0,7.0,2.142857142857143,9.142857142857142,
917846,44.0,3.0,41.0,0.0,6.818181818181818,100.45454545454545,107.27272727272727,0.0
917850,357.0,186.0,171.0,1.0,12.38375350140056,70.28291316526611,82.66666666666667,0.005376344086021506
917852,1542.0,428.0,1114.0,1.0,13.911154345006485,73.43709468223086,87.34824902723736,0.002336448598130841
917856,81.0,3.0,78.0,0.0,7.580246913580247,122.69135802469135,130.2716049382716,0.0
917858,5.0,1.0,4.0,0.0,7.6,30.6,38.2,0.0
917876,11.0,9.0,2.0,0.0,13.0,38.18181818181818,51.18181818181818,0.0
917890,2.0,0.0,2.0,0.0,13.0,647.0,660.0,
918390,262.0,0.0,262.0,0.0,15.576335877862595,489.0534351145038,504.6297709923664,
918436,905.0,40.0,865.0,1.0,13.412154696132596,48.226519337016576,61.63867403314917,0.025
918452,327.0,0.0,327.0,0.0,9.253822629969418,81.98470948012232,91.23853211009174,
918888,11.0,8.0,3.0,1.0,10.363636363636363,13.818181818181818,24.181818181818183,0.125
918956,19.0,2.0,17.0,0.0,20.31578947368421,27.473684210526315,47.78947368421053,0.0
918958,10.0,2.0,8.0,0.0,15.8,7.4,23.2,0.0
918978,2129.0,769.0,1360.0,4.0,15.59229685298262,78.87036167214654,94.46265852512917,0.005201560468140442
918986,2336.0,713.0,1623.0,0.0,16.893407534246574,75.40710616438356,92.30051369863014,0.0
918988,2.0,1.0,1.0,0.0,6.5,8.0,14.5,0.0
919126,291.0,0.0,291.0,0.0,18.835051546391753,25.54639175257732,44.381443298969074,
919128,388.0,0.0,388.0,0.0,10.564432989690722,0.9948453608247423,11.559278350515465,
919162,2933.0,0.0,2933.0,0.0,21.70780770542107,42.90112512785544,64.60893283327651,
919164,733.0,722.0,11.0,3.0,6.304229195088677,54.71896316507503,61.02319236016371,0.004155124653739612
919166,1230.0,1209.0,21.0,7.0,5.728455284552846,58.23170731707317,63.96016260162602,0.005789909015715467
919188,864.0,0.0,864.0,0.0,21.869212962962962,60.33449074074074,82.20370370370371,
919190,85.0,2.0,83.0,0.0,15.91764705882353,27.67058823529412,43.588235294117645,0.0
919192,2233.0,0.0,2233.0,0.0,20.009404388714735,56.58396775638155,76.59337214509628,
919194,1565.0,0.0,1565.0,0.0,22.072843450479233,90.15335463258786,112.22619808306709,
919196,2896.0,0.0,2896.0,0.0,20.99654696132597,51.40573204419889,72.40227900552486,
919198,1113.0,0.0,1113.0,0.0,19.89038634321653,38.20305480682839,58.093441150044924,
919200,1297.0,0.0,1297.0,0.0,21.828064764841944,61.16422513492675,82.99228989976869,
919202,2853.0,0.0,2853.0,0.0,21.27409744128987,61.41850683491062,82.69260427620048,
919204,1318.0,1309.0,9.0,9.0,7.980273141122914,80.47040971168437,88.45068285280729,0.006875477463712758
919206,1000.0,999.0,1.0,12.0,7.956,35.241,43.197,0.012012012012012012
919214,22.0,21.0,1.0,0.0,26.454545454545453,150.5909090909091,177.04545454545453,0.0
919218,325.0,21.0,304.0,1.0,18.75076923076923,63.621538461538464,82.37230769230769,0.047619047619047616
919302,2528.0,0.0,2528.0,0.0,26.131724683544302,92.43552215189874,118.56724683544304,
919306,1664.0,0.0,1664.0,0.0,23.0703125,63.50721153846154,86.57752403846153,
919310,2569.0,0.0,2569.0,0.0,21.87310237446477,33.06695212144803,54.940054495912804,
919314,2794.0,0.0,2794.0,0.0,22.41982820329277,32.039370078740156,54.45919828203293,
919318,1846.0,0.0,1846.0,0.0,19.51462621885157,16.903033586132178,36.41765980498375,
919362,2546.0,0.0,2546.0,0.0,24.348389630793402,47.92065985860173,72.26904948939513,
919364,5096.0,0.0,5096.0,0.0,23.976255886970172,19.291208791208792,43.26746467817896,
919370,1324.0,0.0,1324.0,0.0,21.90785498489426,59.75226586102719,81.66012084592145,
919372,1627.0,0.0,1627.0,0.0,24.02581438229871,23.391518131530425,47.41733251382913,
919374,2214.0,0.0,2214.0,0.0,24.070460704607047,34.49186991869919,58.56233062330623,
919376,1415.0,0.0,1415.0,0.0,20.130035335689048,59.09611307420495,79.226148409894,
919378,1227.0,0.0,1227.0,0.0,20.319478402607988,30.923390383048083,51.24286878565607,
919382,1827.0,0.0,1827.0,0.0,18.60810071154899,17.105090311986864,35.71319102353585,
919390,831.0,0.0,831.0,0.0,17.54632972322503,18.20216606498195,35.74849578820698,
919418,2.0,0.0,2.0,0.0,5.0,0.0,5.0,
919456,1517.0,0.0,1517.0,0.0,19.948582729070534,36.91891891891892,56.86750164798945,
919464,1296.0,0.0,1296.0,0.0,20.005401234567902,45.90432098765432,65.90972222222223,
919476,2105.0,0.0,2105.0,0.0,21.550593824228027,34.17814726840855,55.72874109263658,
919482,1549.0,0.0,1549.0,0.0,21.129761136216914,58.48482892188509,79.614590058102,
919490,1803.0,0.0,1803.0,0.0,19.587354409317804,45.812534664448144,65.39988907376595,
919504,2214.0,0.0,2214.0,0.0,22.962059620596207,39.76738934056007,62.72944896115628,
919536,15.0,2.0,13.0,0.0,9.533333333333333,35.13333333333333,44.666666666666664,0.0
919552,1309.0,1239.0,70.0,1.0,32.919786096256686,124.53246753246754,157.4522536287242,0.0008071025020177562
919554,1360.0,1346.0,14.0,11.0,32.09338235294118,97.61691176470588,129.71029411764707,0.008172362555720654
919790,1818.0,1793.0,25.0,0.0,32.94829482948295,66.42189218921892,99.37018701870187,0.0
919792,913.0,829.0,84.0,2.0,28.369112814895946,81.24096385542168,109.61007667031764,0.0024125452352231603
919794,1348.0,1327.0,21.0,1.0,28.716617210682493,77.00816023738872,105.72477744807122,0.0007535795026375283
919896,8.0,8.0,0.0,2.0,13.625,92.375,106.0,0.25
919906,1710.0,0.0,1710.0,0.0,23.288304093567252,57.76608187134503,81.05438596491229,
919910,377.0,0.0,377.0,0.0,19.848806366047747,67.64986737400531,87.49867374005305,
919956,13.0,13.0,0.0,0.0,10.538461538461538,17.46153846153846,28.0,0.0
919958,2.0,2.0,0.0,0.0,17.5,19.0,36.5,0.0
919994,21.0,21.0,0.0,0.0,42.523809523809526,96.23809523809524,138.76190476190476,0.0
920146,90.0,0.0,90.0,0.0,9.877777777777778,67.1,76.97777777777777,
920414,1266.0,0.0,1266.0,0.0,19.973933649289098,56.388625592417064,76.36255924170617,
920416,1697.0,0.0,1697.0,0.0,14.390100176782557,19.29228049499116,33.68238067177372,
920666,509.0,204.0,305.0,1.0,12.121807465618861,139.66208251473478,151.78388998035362,0.004901960784313725
920706,252.0,81.0,171.0,6.0,15.825396825396826,93.61904761904762,109.44444444444444,0.07407407407407407
920720,347.0,137.0,210.0,0.0,15.034582132564841,92.68011527377521,107.71469740634005,0.0
920726,120.0,59.0,61.0,2.0,13.641666666666667,79.225,92.86666666666666,0.03389830508474576
920728,312.0,204.0,108.0,4.0,14.541666666666666,109.73397435897436,124.27564102564102,0.0196078431372549
920732,295.0,120.0,175.0,0.0,16.359322033898305,113.23050847457627,129.58983050847456,0.0
920838,256.0,67.0,189.0,0.0,14.9296875,108.19921875,123.12890625,0.0
920852,505.0,197.0,308.0,3.0,12.35049504950495,73.26732673267327,85.61782178217821,0.015228426395939087
920874,33.0,33.0,0.0,0.0,27.666666666666668,135.12121212121212,162.78787878787878,0.0
920902,80.0,59.0,21.0,1.0,38.8125,75.875,114.6875,0.01694915254237288
920928,16.0,0.0,16.0,0.0,16.9375,14.375,31.3125,
920930,1.0,1.0,0.0,0.0,62.0,21.0,83.0,0.0
920982,61.0,61.0,0.0,0.0,24.852459016393443,136.9016393442623,161.75409836065575,0.0
921062,128.0,120.0,8.0,0.0,10.890625,91.7578125,102.6484375,0.0
921102,30.0,13.0,17.0,0.0,10.966666666666667,58.13333333333333,69.1,0.0
921104,15.0,6.0,9.0,0.0,12.6,41.93333333333333,54.53333333333333,0.0
921116,122.0,0.0,122.0,0.0,15.540983606557377,93.35245901639344,108.89344262295081,
921306,1067.0,475.0,592.0,4.0,22.799437675726335,59.24086223055295,82.04029990627929,0.008421052631578947
921316,87.0,0.0,87.0,0.0,7.816091954022989,44.839080459770116,52.6551724137931,
921318,5349.0,2485.0,2864.0,7.0,14.873247335950644,58.09272761263787,72.96597494858852,0.0028169014084507044
921320,397.0,80.0,317.0,1.0,22.8463476070529,35.848866498740556,58.695214105793454,0.0125
921574,1778.0,0.0,1778.0,0.0,22.771653543307085,51.27896512935883,74.05061867266592,
921584,1346.0,0.0,1346.0,0.0,19.62927191679049,13.784546805349184,33.41381872213967,
921592,1805.0,0.0,1805.0,0.0,22.583379501385043,29.501939058171747,52.08531855955679,
921594,1145.0,0.0,1145.0,0.0,20.29519650655022,51.44890829694323,71.74410480349346,
921596,1502.0,0.0,1502.0,0.0,21.74167776298269,51.87217043941411,73.61384820239681,
921814,100.0,52.0,48.0,4.0,7.58,51.26,58.84,0.07692307692307693
921818,4310.0,2004.0,2306.0,11.0,13.698839907192575,50.86009280742459,64.55893271461717,0.0054890219560878245
922114,13.0,1.0,12.0,0.0,11.846153846153847,81.38461538461539,93.23076923076923,0.0
922142,792.0,0.0,792.0,0.0,23.62121212121212,50.72727272727273,74.34848484848484,
922154,2.0,2.0,0.0,0.0,9.0,50.0,59.0,0.0
922356,22.0,22.0,0.0,0.0,26.136363636363637,154.6818181818182,180.8181818181818,0.0
922428,260.0,30.0,230.0,0.0,13.311538461538461,123.22307692307692,136.5346153846154,0.0
922474,322.0,91.0,231.0,0.0,9.521739130434783,78.74534161490683,88.26708074534162,0.0
922476,207.0,0.0,207.0,0.0,12.14975845410628,122.57971014492753,134.72946859903382,
922486,8.0,1.0,7.0,0.0,2.5,34.375,36.875,0.0
922698,16.0,4.0,12.0,0.0,4.4375,10.3125,14.75,0.0
922710,1784.0,0.0,1784.0,0.0,20.86378923766816,33.9232062780269,54.78699551569507,
923250,182.0,0.0,182.0,0.0,13.82967032967033,316.56043956043953,330.3901098901099,
923254,10.0,1.0,9.0,0.0,15.5,270.5,286.0,0.0
923526,3054.0,1017.0,2037.0,2.0,14.396201702685003,42.58709888670596,56.983300589390964,0.0019665683382497543
923528,802.0,126.0,676.0,2.0,18.816708229426435,33.6645885286783,52.48129675810474,0.015873015873015872
923646,2.0,2.0,0.0,0.0,19.0,14.0,33.0,0.0
923666,2074.0,0.0,2074.0,0.0,20.045805207328833,72.10752169720347,92.1533269045323,
923744,1.0,1.0,0.0,0.0,5.0,55.0,60.0,0.0
923944,43.0,43.0,0.0,0.0,11.720930232558139,50.372093023255815,62.093023255813954,0.0
924356,268.0,0.0,268.0,0.0,10.395522388059701,54.72014925373134,65.11567164179104,
924370,16.0,0.0,16.0,0.0,7.3125,64.5625,71.875,
924544,121.0,108.0,13.0,0.0,6.710743801652892,103.6198347107438,110.3305785123967,0.0
924546,131.0,48.0,83.0,1.0,12.526717557251908,213.46564885496184,225.99236641221373,0.020833333333333332
924572,1.0,0.0,1.0,0.0,1.0,0.0,1.0,
924614,23.0,7.0,16.0,0.0,2.5652173913043477,10.217391304347826,12.782608695652174,0.0
924662,1.0,1.0,0.0,0.0,20.0,28.0,48.0,0.0
924928,92.0,33.0,59.0,1.0,22.456521739130434,99.21739130434783,121.67391304347827,0.030303030303030304
924930,268.0,22.0,246.0,1.0,19.850746268656717,98.75373134328358,118.6044776119403,0.045454545454545456
924932,36.0,3.0,33.0,0.0,13.555555555555555,91.94444444444444,105.5,0.0
924934,626.0,5.0,621.0,0.0,18.0814696485623,68.13258785942492,86.21405750798722,0.0
924936,8.0,8.0,0.0,2.0,19.25,60.25,79.5,0.25
924940,223.0,8.0,215.0,0.0,15.650224215246636,82.68609865470852,98.33632286995515,0.0
924946,56.0,8.0,48.0,0.0,19.160714285714285,154.51785714285714,173.67857142857142,0.0
924948,282.0,17.0,265.0,1.0,21.78368794326241,80.62056737588652,102.40425531914893,0.058823529411764705
924950,343.0,31.0,312.0,0.0,18.186588921282798,103.69970845481049,121.8862973760933,0.0
924952,118.0,26.0,92.0,0.0,17.177966101694917,77.60169491525424,94.77966101694915,0.0
924954,140.0,20.0,120.0,1.0,17.764285714285716,91.93571428571428,109.7,0.05
924956,106.0,38.0,68.0,0.0,17.556603773584907,80.22641509433963,97.78301886792453,0.0
924958,273.0,31.0,242.0,0.0,14.886446886446887,72.42857142857143,87.31501831501832,0.0
924960,303.0,54.0,249.0,1.0,17.075907590759076,75.91749174917491,92.99339933993399,0.018518518518518517
925104,2286.0,919.0,1367.0,0.0,13.965879265091864,55.84076990376203,69.8066491688539,0.0
925106,23.0,23.0,0.0,0.0,28.26086956521739,56.21739130434783,84.47826086956522,0.0
925134,44.0,0.0,44.0,0.0,19.772727272727273,83.97727272727273,103.75,
925808,11.0,11.0,0.0,0.0,19.0,62.81818181818182,81.81818181818181,0.0
925826,708.0,169.0,539.0,1.0,14.991525423728813,97.21186440677967,112.20338983050847,0.005917159763313609
925828,646.0,171.0,475.0,0.0,14.31733746130031,93.33281733746131,107.6501547987616,0.0
925922,22210.0,456.0,21754.0,11.0,21.012516884286356,41.829536244934715,62.84205312922107,0.02412280701754386
926184,74.0,42.0,32.0,0.0,11.95945945945946,99.54054054054055,111.5,0.0
926214,3.0,3.0,0.0,0.0,9.0,92.33333333333333,101.33333333333333,0.0
926312,140.0,10.0,130.0,0.0,28.571428571428573,123.63571428571429,152.20714285714286,0.0
926486,2626.0,16.0,2610.0,0.0,22.471439451637472,84.29055597867479,106.76199543031227,0.0
926490,155.0,11.0,144.0,1.0,16.083870967741934,134.63225806451612,150.71612903225807,0.09090909090909091
926872,32.0,25.0,7.0,3.0,3.09375,73.90625,77.0,0.12
927070,42.0,42.0,0.0,0.0,44.0,167.83333333333334,211.83333333333334,0.0
927142,7.0,4.0,3.0,0.0,5.285714285714286,339.85714285714283,345.14285714285717,0.0
927908,5.0,5.0,0.0,0.0,2.6,179.6,182.2,0.0
927910,31.0,31.0,0.0,1.0,2.6129032258064515,117.2258064516129,119.83870967741936,0.03225806451612903
927912,17.0,17.0,0.0,1.0,2.7058823529411766,149.41176470588235,152.11764705882354,0.058823529411764705
927916,635.0,147.0,488.0,0.0,13.746456692913386,66.58582677165354,80.33228346456693,0.0
928022,8.0,8.0,0.0,0.0,15.5,37.0,52.5,0.0
928092,5.0,5.0,0.0,0.0,47.2,34.6,81.8,0.0
928142,8.0,8.0,0.0,0.0,13.75,22.875,36.625,0.0
928202,32.0,32.0,0.0,0.0,15.8125,268.875,284.6875,0.0
928228,69.0,0.0,69.0,0.0,13.898550724637682,45.15942028985507,59.05797101449275,
928282,2.0,0.0,2.0,0.0,8.0,0.0,8.0,
928284,2.0,0.0,2.0,0.0,5.5,0.0,5.5,
928312,1975.0,19.0,1956.0,0.0,11.859746835443039,30.674430379746834,42.53417721518987,0.0
928382,23.0,12.0,11.0,1.0,11.130434782608695,17.391304347826086,28.52173913043478,0.08333333333333333
928404,5.0,5.0,0.0,0.0,15.4,57.2,72.6,0.0
928518,337.0,0.0,337.0,0.0,22.985163204747774,36.038575667655785,59.02373887240356,
928886,833.0,60.0,773.0,1.0,20.83313325330132,309.7839135654262,330.6170468187275,0.016666666666666666
928888,1008.0,349.0,659.0,1.0,18.27480158730159,74.65972222222223,92.93452380952381,0.0028653295128939827
928926,16.0,1.0,15.0,0.0,11.875,22.125,34.0,0.0
929228,92.0,1.0,91.0,0.0,13.891304347826088,61.68478260869565,75.57608695652173,0.0
929332,41.0,41.0,0.0,0.0,14.707317073170731,289.4390243902439,304.1463414634146,0.0
929340,8.0,8.0,0.0,0.0,43.625,177.0,220.625,0.0
929424,5438.0,1432.0,4006.0,5.0,11.868701728576683,28.268113276940053,40.13681500551674,0.0034916201117318434
929426,12041.0,0.0,12041.0,0.0,18.729839714309442,23.23652520554771,41.966364919857156,
929428,24572.0,0.0,24572.0,0.0,15.170682077160997,11.9485593358294,27.119241412990394,
929542,2.0,0.0,2.0,0.0,9.0,6.0,15.0,
929544,66.0,0.0,66.0,0.0,9.5,67.77272727272727,77.27272727272727,
929622,18.0,14.0,4.0,0.0,12.277777777777779,95.33333333333333,107.61111111111111,0.0
929626,63.0,42.0,21.0,0.0,11.380952380952381,86.46031746031746,97.84126984126983,0.0
929876,129.0,36.0,93.0,1.0,18.875968992248062,110.25581395348837,129.13178294573643,0.027777777777777776
929884,59.0,33.0,26.0,0.0,22.593220338983052,83.23728813559322,105.83050847457628,0.0
930020,691.0,89.0,602.0,5.0,19.722141823444282,311.095513748191,330.8176555716353,0.056179775280898875
930186,63.0,7.0,56.0,0.0,17.666666666666668,136.84126984126985,154.5079365079365,0.0
930242,4.0,4.0,0.0,1.0,17.25,74.25,91.5,0.25
930264,4.0,4.0,0.0,0.0,9.75,99.75,109.5,0.0
930326,12.0,11.0,1.0,0.0,12.083333333333334,124.16666666666667,136.25,0.0
930510,4.0,2.0,2.0,0.0,15.5,161.25,176.75,0.0
930524,28.0,0.0,28.0,0.0,16.25,327.7142857142857,343.9642857142857,
930582,1.0,1.0,0.0,0.0,16.0,62.0,78.0,0.0
930586,230.0,0.0,230.0,0.0,20.07391304347826,136.4217391304348,156.49565217391304,
930590,68.0,0.0,68.0,0.0,20.61764705882353,156.8235294117647,177.44117647058823,
930594,56.0,2.0,54.0,0.0,22.464285714285715,282.7857142857143,305.25,0.0
930660,24.0,4.0,20.0,0.0,13.75,158.16666666666666,171.91666666666666,0.0
930662,23.0,0.0,23.0,0.0,14.565217391304348,64.43478260869566,79.0,
930690,6.0,2.0,4.0,0.0,10.0,7.833333333333333,17.833333333333332,0.0
930692,6.0,0.0,6.0,0.0,0.8333333333333334,9.666666666666666,10.5,
930814,15.0,12.0,3.0,0.0,17.133333333333333,106.0,123.13333333333334,0.0
930816,5.0,4.0,1.0,0.0,13.8,115.0,128.8,0.0
930818,3.0,3.0,0.0,0.0,13.666666666666666,141.0,154.66666666666666,0.0
930820,7.0,5.0,2.0,0.0,13.571428571428571,51.42857142857143,65.0,0.0
930908,80.0,38.0,42.0,0.0,5.3125,84.15,89.4625,0.0
930910,14.0,1.0,13.0,0.0,6.285714285714286,126.92857142857143,133.21428571428572,0.0
930912,246.0,0.0,246.0,0.0,14.398373983739837,44.6219512195122,59.020325203252035,
930914,329.0,0.0,329.0,0.0,18.72340425531915,34.64741641337386,53.37082066869301,
931458,4690.0,2129.0,2561.0,14.0,17.099360341151385,59.092537313432835,76.19189765458422,0.006575857209957727
931914,33.0,33.0,0.0,0.0,16.424242424242426,102.39393939393939,118.81818181818181,0.0
932050,145.0,0.0,145.0,0.0,18.16551724137931,59.33103448275862,77.49655172413793,
932088,12.0,0.0,12.0,0.0,11.666666666666666,106.41666666666667,118.08333333333333,
932246,1.0,0.0,1.0,0.0,60.0,0.0,60.0,
932292,115.0,6.0,109.0,0.0,17.4,68.21739130434783,85.61739130434782,0.0
932304,58.0,2.0,56.0,0.0,16.620689655172413,78.12068965517241,94.74137931034483,0.0
932460,29.0,29.0,0.0,1.0,16.862068965517242,118.6896551724138,135.55172413793105,0.034482758620689655
932498,342.0,1.0,341.0,0.0,20.862573099415204,32.271929824561404,53.134502923976605,0.0
932500,1198.0,9.0,1189.0,0.0,15.313856427378965,37.07095158597663,52.384808013355595,0.0
932502,761.0,5.0,756.0,0.0,18.816031537450723,54.50197109067017,73.3180026281209,0.0
932672,7.0,7.0,0.0,0.0,1.4285714285714286,97.57142857142857,99.0,0.0
932676,4.0,0.0,4.0,0.0,9.25,7.0,16.25,
932750,29.0,12.0,17.0,0.0,12.758620689655173,97.37931034482759,110.13793103448276,0.0
932754,5.0,2.0,3.0,0.0,8.4,13.6,22.0,0.0
932798,133.0,121.0,12.0,1.0,9.729323308270677,93.3609022556391,103.09022556390977,0.008264462809917356
932836,346.0,22.0,324.0,0.0,14.93063583815029,93.78901734104046,108.71965317919076,0.0
932856,4.0,0.0,4.0,0.0,4.0,168.5,172.5,
933070,849.0,67.0,782.0,1.0,16.00942285041225,55.071849234393405,71.08127208480565,0.014925373134328358
933244,86.0,2.0,84.0,0.0,18.302325581395348,66.30232558139535,84.6046511627907,0.0
933452,4.0,0.0,4.0,0.0,8.5,4.25,12.75,
933804,25.0,25.0,0.0,0.0,13.84,53.24,67.08,0.0
933806,391.0,0.0,391.0,0.0,18.544757033248082,37.77237851662404,56.31713554987212,
933810,108.0,0.0,108.0,0.0,18.296296296296298,42.101851851851855,60.398148148148145,
933832,28.0,28.0,0.0,0.0,25.714285714285715,87.92857142857143,113.64285714285714,0.0
933986,26.0,16.0,10.0,1.0,8.615384615384615,64.23076923076923,72.84615384615384,0.0625
933996,15.0,4.0,11.0,0.0,12.533333333333333,24.066666666666666,36.6,0.0
934000,10.0,8.0,2.0,0.0,12.7,42.0,54.7,0.0
934074,38.0,38.0,0.0,1.0,14.342105263157896,130.60526315789474,144.94736842105263,0.02631578947368421
934076,11.0,11.0,0.0,1.0,28.272727272727273,19.636363636363637,47.90909090909091,0.09090909090909091
934098,6.0,6.0,0.0,2.0,26.5,7.5,34.0,0.3333333333333333
934170,8.0,8.0,0.0,0.0,10.25,77.375,87.625,0.0
934188,8.0,6.0,2.0,0.0,15.625,26.75,42.375,0.0
934424,8.0,8.0,0.0,0.0,27.625,39.5,67.125,0.0
934426,222.0,0.0,222.0,0.0,23.923423423423422,19.905405405405407,43.828828828828826,
934428,41.0,41.0,0.0,0.0,23.585365853658537,136.3658536585366,159.9512195121951,0.0
934430,31.0,31.0,0.0,2.0,27.29032258064516,153.03225806451613,180.32258064516128,0.06451612903225806
934432,9.0,9.0,0.0,0.0,36.0,147.55555555555554,183.55555555555554,0.0
934476,11.0,1.0,10.0,0.0,24.818181818181817,2.3636363636363638,27.181818181818183,0.0
934534,133.0,133.0,0.0,2.0,18.413533834586467,69.47368421052632,87.88721804511279,0.015037593984962405
934608,10.0,10.0,0.0,0.0,13.5,95.1,108.6,0.0
935216,36.0,2.0,34.0,0.0,7.361111111111111,99.58333333333333,106.94444444444444,0.0
935244,30.0,2.0,28.0,0.0,18.533333333333335,150.16666666666666,168.7,0.0
935246,7.0,0.0,7.0,0.0,7.142857142857143,22.0,29.142857142857142,
935264,70.0,4.0,66.0,0.0,15.271428571428572,130.05714285714285,145.32857142857142,0.0
935268,5.0,5.0,0.0,0.0,9.6,25.8,35.4,0.0
935348,363.0,176.0,187.0,1.0,9.666666666666666,88.22038567493112,97.8870523415978,0.005681818181818182
935394,1.0,1.0,0.0,0.0,7.0,130.0,137.0,0.0
935548,24.0,19.0,5.0,0.0,10.916666666666666,59.333333333333336,70.25,0.0
935870,8.0,8.0,0.0,0.0,12.875,33.125,46.0,0.0
935956,3.0,2.0,1.0,0.0,39.666666666666664,86.33333333333333,126.0,0.0
935958,35.0,35.0,0.0,1.0,22.257142857142856,166.4857142857143,188.74285714285713,0.02857142857142857
936110,168.0,168.0,0.0,0.0,15.75,113.30952380952381,129.0595238095238,0.0
936296,4.0,0.0,4.0,0.0,26.0,0.0,26.0,
936324,162.0,31.0,131.0,0.0,23.38888888888889,52.24691358024691,75.6358024691358,0.0
936382,485.0,1.0,484.0,0.0,17.109278350515464,57.75463917525773,74.86391752577319,0.0
936514,83.0,83.0,0.0,1.0,18.80722891566265,109.3855421686747,128.19277108433735,0.012048192771084338
936984,75.0,75.0,0.0,0.0,14.12,95.18666666666667,109.30666666666667,0.0
937156,67.0,0.0,67.0,0.0,15.537313432835822,53.82089552238806,69.35820895522389,
937352,31.0,0.0,31.0,0.0,15.193548387096774,82.48387096774194,97.6774193548387,
937362,11.0,5.0,6.0,0.0,24.90909090909091,71.0909090909091,96.0,0.0
937366,6.0,3.0,3.0,0.0,29.5,47.666666666666664,77.16666666666667,0.0
937368,34.0,23.0,11.0,4.0,19.08823529411765,40.73529411764706,59.8235294117647,0.17391304347826086
937370,8.0,1.0,7.0,0.0,13.125,9.75,22.875,0.0
937372,1282.0,0.0,1282.0,0.0,16.58034321372855,21.966458658346333,38.54680187207488,
937374,30.0,30.0,0.0,0.0,35.233333333333334,88.9,124.13333333333334,0.0
937422,37.0,0.0,37.0,0.0,3.5945945945945947,29.756756756756758,33.351351351351354,
937428,8.0,0.0,8.0,0.0,6.0,26.625,32.625,
937430,34.0,0.0,34.0,0.0,9.205882352941176,14.970588235294118,24.176470588235293,
937432,28.0,3.0,25.0,1.0,7.321428571428571,6.964285714285714,14.285714285714286,0.3333333333333333
937604,63.0,7.0,56.0,0.0,12.174603174603174,84.25396825396825,96.42857142857143,0.0
937650,91.0,0.0,91.0,0.0,18.274725274725274,22.494505494505493,40.76923076923077,
937678,196.0,20.0,176.0,0.0,21.714285714285715,48.892857142857146,70.60714285714286,0.0
937708,955.0,205.0,750.0,0.0,22.26178010471204,62.945549738219896,85.20732984293194,0.0
937710,1.0,0.0,1.0,0.0,15.0,0.0,15.0,
937716,1.0,0.0,1.0,0.0,19.0,0.0,19.0,
937720,1.0,0.0,1.0,0.0,36.0,9.0,45.0,
937732,325.0,131.0,194.0,2.0,14.861538461538462,76.19076923076923,91.05230769230769,0.015267175572519083
937736,1589.0,304.0,1285.0,2.0,21.795468848332284,33.78917558212712,55.584644430459406,0.006578947368421052
937742,25.0,22.0,3.0,0.0,15.68,75.0,90.68,0.0
937750,107.0,61.0,46.0,1.0,16.476635514018692,84.50467289719626,100.98130841121495,0.01639344262295082
937752,2253.0,493.0,1760.0,0.0,17.126054150022192,63.42121615623613,80.54727030625833,0.0
937760,1113.0,351.0,762.0,1.0,17.32704402515723,44.484276729559745,61.81132075471698,0.002849002849002849
937762,327.0,99.0,228.0,1.0,26.143730886850154,45.137614678899084,71.28134556574923,0.010101010101010102
937770,1.0,0.0,1.0,0.0,37.0,0.0,37.0,
937772,1.0,0.0,1.0,0.0,18.0,0.0,18.0,
937774,316.0,140.0,176.0,0.0,18.718354430379748,62.360759493670884,81.07911392405063,0.0
937778,1.0,0.0,1.0,0.0,19.0,0.0,19.0,
937780,1132.0,170.0,962.0,2.0,23.35512367491166,48.996466431095406,72.35159010600707,0.011764705882352941
937782,55.0,25.0,30.0,0.0,21.236363636363638,40.85454545454545,62.09090909090909,0.0
937786,15.0,3.0,12.0,0.0,17.333333333333332,68.26666666666667,85.6,0.0
937788,669.0,134.0,535.0,0.0,18.18834080717489,53.780269058295964,71.96860986547085,0.0
937808,1067.0,146.0,921.0,1.0,23.117150890346768,41.33739456419869,64.45454545454545,0.00684931506849315
937810,407.0,99.0,308.0,0.0,22.402948402948404,42.255528255528255,64.65847665847666,0.0
937812,397.0,182.0,215.0,2.0,19.18639798488665,88.96725440806046,108.15365239294711,0.01098901098901099
937854,806.0,207.0,599.0,0.0,18.277915632754343,51.23697270471464,69.51488833746899,0.0
937856,43.0,11.0,32.0,0.0,21.069767441860463,39.883720930232556,60.95348837209303,0.0
937860,1771.0,240.0,1531.0,8.0,19.959345002823262,53.47204968944099,73.43139469226426,0.03333333333333333
937862,501.0,127.0,374.0,0.0,21.437125748502993,123.03193612774452,144.4690618762475,0.0
937864,109.0,49.0,60.0,1.0,13.944954128440367,92.09174311926606,106.03669724770643,0.02040816326530612
937868,345.0,67.0,278.0,1.0,20.857971014492755,102.76521739130435,123.6231884057971,0.014925373134328358
937870,13.0,0.0,13.0,0.0,15.461538461538462,8.0,23.46153846153846,
937872,1.0,0.0,1.0,0.0,18.0,0.0,18.0,
937874,172.0,23.0,149.0,1.0,25.122093023255815,57.63953488372093,82.76162790697674,0.043478260869565216
937880,7.0,7.0,0.0,0.0,9.285714285714286,46.714285714285715,56.0,0.0
937888,1233.0,213.0,1020.0,0.0,22.586374695863746,46.02757502027575,68.6139497161395,0.0
937898,47.0,9.0,38.0,2.0,17.78723404255319,64.23404255319149,82.02127659574468,0.2222222222222222
937900,4.0,0.0,4.0,0.0,28.0,15.25,43.25,
937902,1216.0,257.0,959.0,1.0,22.68667763157895,62.95888157894737,85.64555921052632,0.0038910505836575876
937956,902.0,901.0,1.0,25.0,1.3314855875831486,118.32926829268293,119.66075388026607,0.02774694783573807
937958,303.0,303.0,0.0,9.0,6.98019801980198,116.7095709570957,123.6897689768977,0.0297029702970297
937960,227.0,227.0,0.0,2.0,11.20704845814978,145.01762114537445,156.22466960352423,0.00881057268722467
937962,117.0,117.0,0.0,4.0,16.666666666666668,121.47863247863248,138.14529914529913,0.03418803418803419
937966,1130.0,265.0,865.0,3.0,17.267256637168142,43.041592920353985,60.30884955752212,0.011320754716981131
937980,236.0,91.0,145.0,0.0,18.093220338983052,83.7457627118644,101.83898305084746,0.0
937984,68.0,27.0,41.0,0.0,12.397058823529411,30.573529411764707,42.970588235294116,0.0
937988,365.0,81.0,284.0,0.0,25.64109589041096,69.05479452054794,94.69589041095891,0.0
938022,280.0,15.0,265.0,0.0,19.20357142857143,39.167857142857144,58.371428571428574,0.0
938070,671.0,0.0,671.0,0.0,20.80774962742176,50.499254843517136,71.30700447093889,
938072,494.0,0.0,494.0,0.0,18.544534412955464,42.98987854251012,61.534412955465584,
938074,664.0,0.0,664.0,0.0,21.147590361445783,58.4277108433735,79.57530120481928,
938078,856.0,0.0,856.0,0.0,23.787383177570092,56.481308411214954,80.26869158878505,
938080,742.0,0.0,742.0,0.0,22.757412398921833,42.746630727762806,65.50404312668464,
938414,146.0,93.0,53.0,2.0,16.883561643835616,128.04109589041096,144.92465753424656,0.021505376344086023
938432,10.0,10.0,0.0,0.0,20.0,139.7,159.7,0.0
938612,211.0,73.0,138.0,0.0,8.113744075829384,79.20379146919431,87.3175355450237,0.0
938614,74.0,44.0,30.0,1.0,10.013513513513514,54.54054054054054,64.55405405405405,0.022727272727272728
938842,113.0,0.0,113.0,0.0,16.61946902654867,94.43362831858407,111.05309734513274,
938896,3617.0,1224.0,2393.0,5.0,16.403096488802877,45.06552391484656,61.46862040364943,0.004084967320261438
939212,20.0,9.0,11.0,0.0,10.6,34.95,45.55,0.0
939218,388.0,11.0,377.0,0.0,22.780927835051546,72.73969072164948,95.52061855670104,0.0
939222,980.0,35.0,945.0,0.0,21.516326530612243,62.453061224489794,83.96938775510205,0.0
939224,1551.0,35.0,1516.0,1.0,11.699548678272082,11.835589941972922,23.535138620245004,0.02857142857142857
939236,5.0,0.0,5.0,0.0,13.0,316.4,329.4,
939370,1020.0,502.0,518.0,4.0,18.563725490196077,136.86176470588236,155.42549019607844,0.00796812749003984
939376,1479.0,274.0,1205.0,1.0,18.134550371872887,133.9526707234618,152.08722109533468,0.0036496350364963502
939470,748.0,19.0,729.0,0.0,18.219251336898395,46.04679144385027,64.26604278074866,0.0
939474,820.0,217.0,603.0,0.0,16.09512195121951,108.53292682926829,124.6280487804878,0.0
939476,931.0,54.0,877.0,1.0,20.267454350161117,59.22986036519871,79.49731471535983,0.018518518518518517
939478,127.0,22.0,105.0,1.0,13.196850393700787,92.8740157480315,106.07086614173228,0.045454545454545456
939684,161.0,19.0,142.0,0.0,13.664596273291925,59.62732919254658,73.2919254658385,0.0
939698,3.0,2.0,1.0,0.0,13.333333333333334,18.0,31.333333333333332,0.0
939706,1680.0,653.0,1027.0,4.0,14.429166666666667,45.34107142857143,59.77023809523809,0.006125574272588055
939708,46.0,10.0,36.0,1.0,15.08695652173913,59.5,74.58695652173913,0.1
939716,30.0,14.0,16.0,0.0,8.366666666666667,58.63333333333333,67.0,0.0
939718,10.0,0.0,10.0,0.0,5.1,1.5,6.6,
939736,19.0,0.0,19.0,0.0,8.052631578947368,8.0,16.05263157894737,
939738,692.0,0.0,692.0,0.0,11.550578034682081,48.93208092485549,60.482658959537574,
939762,2980.0,935.0,2045.0,0.0,16.690939597315435,38.263758389261746,54.95469798657718,0.0
939886,311.0,0.0,311.0,0.0,10.92604501607717,78.50160771704181,89.42765273311898,
940430,103.0,76.0,27.0,1.0,3.9029126213592233,90.79611650485437,94.69902912621359,0.013157894736842105
940432,322.0,144.0,178.0,0.0,10.664596273291925,108.01242236024845,118.67701863354037,0.0
940434,282.0,126.0,156.0,0.0,7.209219858156028,109.34042553191489,116.54964539007092,0.0
940436,39.0,32.0,7.0,0.0,10.58974358974359,112.97435897435898,123.56410256410257,0.0
940438,489.0,73.0,416.0,0.0,11.950920245398773,90.58895705521472,102.5398773006135,0.0
940440,60.0,46.0,14.0,0.0,11.633333333333333,116.6,128.23333333333332,0.0
940442,576.0,223.0,353.0,3.0,9.317708333333334,74.51215277777777,83.82986111111111,0.013452914798206279
940456,59.0,26.0,33.0,0.0,6.915254237288136,30.949152542372882,37.86440677966102,0.0
940458,96.0,26.0,70.0,0.0,15.489583333333334,123.17708333333333,138.66666666666666,0.0
940460,86.0,0.0,86.0,0.0,9.616279069767442,212.58139534883722,222.19767441860466,
940474,30.0,0.0,30.0,0.0,7.9,25.666666666666668,33.56666666666667,
940486,23.0,0.0,23.0,0.0,10.565217391304348,41.47826086956522,52.04347826086956,
940508,2.0,2.0,0.0,0.0,41.5,74.0,115.5,0.0
940512,1.0,1.0,0.0,0.0,19.0,1.0,20.0,0.0
940514,1.0,1.0,0.0,0.0,11.0,6.0,17.0,0.0
940568,10.0,3.0,7.0,0.0,5.7,51.7,57.4,0.0
940588,2459.0,2382.0,77.0,30.0,3.4847498983326557,88.8531923546157,92.33794225294835,0.012594458438287154
940596,490.0,1.0,489.0,0.0,18.93469387755102,31.055102040816326,49.98979591836735,0.0
940610,3.0,2.0,1.0,0.0,13.666666666666666,63.0,76.66666666666667,0.0
940614,719.0,145.0,574.0,3.0,14.346314325452017,38.75660639777469,53.1029207232267,0.020689655172413793
940616,3336.0,645.0,2691.0,6.0,15.998201438848922,33.4400479616307,49.43824940047961,0.009302325581395349
940622,1544.0,729.0,815.0,18.0,12.990284974093264,45.79727979274612,58.78756476683938,0.024691358024691357
940624,1814.0,597.0,1217.0,8.0,15.562293274531422,56.303197353914,71.86549062844543,0.01340033500837521
940630,2280.0,2100.0,180.0,17.0,5.010087719298245,85.23947368421052,90.24956140350878,0.008095238095238095
940634,2234.0,491.0,1743.0,7.0,17.04700089525515,49.820053715308866,66.86705461056401,0.014256619144602852
940652,1382.0,414.0,968.0,9.0,16.30752532561505,51.095513748191024,67.40303907380608,0.021739130434782608
940658,2789.0,939.0,1850.0,13.0,12.266762280387235,52.14593044101829,64.41269272140552,0.013844515441959531
940772,2.0,2.0,0.0,0.0,4.5,153.0,157.5,0.0
940782,11.0,0.0,11.0,0.0,10.636363636363637,44.81818181818182,55.45454545454545,
940788,11.0,0.0,11.0,0.0,17.272727272727273,28.272727272727273,45.54545454545455,
940802,5.0,0.0,5.0,0.0,25.2,10.8,36.0,
940814,2.0,0.0,2.0,0.0,19.5,4.5,24.0,
940828,15.0,2.0,13.0,0.0,15.733333333333333,32.266666666666666,48.0,0.0
940842,2.0,0.0,2.0,0.0,38.5,37.0,75.5,
940848,2.0,0.0,2.0,0.0,31.5,23.5,55.0,
940952,274.0,164.0,110.0,0.0,12.591240875912408,5.864963503649635,18.456204379562045,0.0
940968,18.0,18.0,0.0,0.0,17.38888888888889,209.72222222222223,227.11111111111111,0.0
941192,1239.0,0.0,1239.0,0.0,17.62873284907183,31.702179176755447,49.33091202582728,
941384,758.0,52.0,706.0,0.0,21.034300791556728,88.13852242744063,109.17282321899737,0.0
941390,377.0,1.0,376.0,0.0,15.535809018567639,15.6631299734748,31.19893899204244,0.0
941628,148.0,1.0,147.0,0.0,14.20945945945946,72.9054054054054,87.11486486486487,0.0
941736,11.0,0.0,11.0,0.0,6.090909090909091,17.363636363636363,23.454545454545453,
941740,8.0,0.0,8.0,0.0,8.25,48.375,56.625,
941786,3.0,3.0,0.0,0.0,13.0,103.0,116.0,0.0
941810,6.0,0.0,6.0,0.0,10.833333333333334,25.666666666666668,36.5,
941816,1.0,0.0,1.0,0.0,10.0,19.0,29.0,
941826,1.0,0.0,1.0,0.0,2.0,0.0,2.0,
941838,9.0,0.0,9.0,0.0,8.666666666666666,10.777777777777779,19.444444444444443,
941842,3.0,0.0,3.0,0.0,11.666666666666666,34.333333333333336,46.0,
941844,20.0,8.0,12.0,1.0,13.05,23.95,37.0,0.125
942174,6.0,0.0,6.0,0.0,13.5,77.33333333333333,90.83333333333333,
942214,3.0,3.0,0.0,0.0,10.0,29.666666666666668,39.666666666666664,0.0
943050,85.0,0.0,85.0,0.0,8.905882352941177,23.2,32.10588235294118,
943066,293.0,100.0,193.0,0.0,13.368600682593856,99.44368600682594,112.81228668941979,0.0
943818,27.0,1.0,26.0,0.0,16.296296296296298,75.44444444444444,91.74074074074075,0.0
944210,184.0,133.0,51.0,0.0,30.527173913043477,111.31521739130434,141.8423913043478,0.0
944216,435.0,288.0,147.0,32.0,29.00919540229885,102.88735632183908,131.89655172413794,0.1111111111111111
944218,451.0,272.0,179.0,16.0,27.07982261640798,120.05321507760532,147.1330376940133,0.058823529411764705
944220,561.0,329.0,232.0,21.0,28.433155080213904,111.01782531194296,139.45098039215685,0.06382978723404255
944222,564.0,192.0,372.0,17.0,21.53014184397163,96.24113475177305,117.77127659574468,0.08854166666666667
944226,336.0,202.0,134.0,38.0,32.38095238095238,112.07440476190476,144.45535714285714,0.18811881188118812
944228,36.0,31.0,5.0,0.0,44.27777777777778,128.75,173.02777777777777,0.0
944246,10.0,9.0,1.0,0.0,34.8,153.8,188.6,0.0
944310,3.0,3.0,0.0,0.0,5.0,84.0,89.0,0.0
944474,19.0,6.0,13.0,0.0,19.736842105263158,8.473684210526315,28.210526315789473,0.0
944476,220.0,203.0,17.0,0.0,13.177272727272728,67.76363636363637,80.94090909090909,0.0
944560,6.0,5.0,1.0,0.0,16.5,11.0,27.5,0.0
944564,2.0,2.0,0.0,0.0,14.0,20.0,34.0,0.0
944644,177.0,30.0,147.0,0.0,18.587570621468927,60.77401129943503,79.36158192090396,0.0
944646,648.0,280.0,368.0,1.0,13.131172839506172,72.89043209876543,86.02160493827161,0.0035714285714285713
944648,52.0,5.0,47.0,0.0,12.461538461538462,51.09615384615385,63.55769230769231,0.0
944764,645.0,355.0,290.0,2.0,12.170542635658915,64.2031007751938,76.37364341085271,0.005633802816901409
944766,295.0,152.0,143.0,1.0,13.694915254237289,57.63389830508475,71.32881355932203,0.006578947368421052
944808,256.0,256.0,0.0,0.0,2.2734375,118.30078125,120.57421875,0.0
944908,2.0,2.0,0.0,0.0,13.5,1.5,15.0,0.0
945046,105.0,73.0,32.0,5.0,17.885714285714286,88.86666666666666,106.75238095238095,0.0684931506849315
945052,96.0,74.0,22.0,2.0,12.03125,106.52083333333333,118.55208333333333,0.02702702702702703
945058,5.0,4.0,1.0,0.0,17.0,9.0,26.0,0.0
945074,3.0,0.0,3.0,0.0,8.666666666666666,0.0,8.666666666666666,
945274,1.0,0.0,1.0,0.0,14.0,1.0,15.0,
945278,4314.0,0.0,4314.0,0.0,31.80505331478906,55.28442280945758,87.08947612424664,
945280,2538.0,0.0,2538.0,0.0,18.451142631993697,85.21355397951143,103.66469661150512,
945282,2582.0,0.0,2582.0,0.0,18.646785437645235,86.3996901626646,105.04647560030983,
945284,2210.0,0.0,2210.0,0.0,18.226696832579186,51.3,69.52669683257919,
945286,7919.0,0.0,7919.0,0.0,19.597171360020205,22.206970577093067,41.80414193711327,
945288,2260.0,0.0,2260.0,0.0,18.668141592920353,78.69646017699115,97.3646017699115,
945290,3943.0,0.0,3943.0,0.0,24.457266041085468,17.80268830839462,42.25995434948009,
945294,3434.0,0.0,3434.0,0.0,19.22655794991264,78.83255678509028,98.05911473500291,
945296,2821.0,0.0,2821.0,0.0,18.642679900744415,70.74512584190003,89.38780574264445,
945298,1600.0,0.0,1600.0,0.0,19.095,111.671875,130.766875,
945302,7059.0,0.0,7059.0,0.0,21.953959484346225,55.43150587901969,77.38546536336591,
945304,2918.0,0.0,2918.0,0.0,19.37628512679918,92.2995202193283,111.67580534612749,
945308,1761.0,0.0,1761.0,0.0,18.85519591141397,100.16808631459398,119.02328222600795,
945310,3580.0,0.0,3580.0,0.0,21.99217877094972,98.36983240223464,120.36201117318436,
945312,2519.0,0.0,2519.0,0.0,19.993648273124254,110.60857483128225,130.6022231044065,
945314,1861.0,0.0,1861.0,0.0,21.43310048361096,64.41375604513702,85.84685652874799,
945316,2751.0,0.0,2751.0,0.0,19.613958560523447,79.6408578698655,99.25481643038896,
945318,1998.0,0.0,1998.0,0.0,18.583083083083082,90.55355355355356,109.13663663663664,
945320,2605.0,0.0,2605.0,0.0,18.453742802303264,94.15124760076776,112.60499040307101,
945322,5015.0,0.0,5015.0,0.0,21.125623130608176,48.15393818544367,69.27956131605184,
945324,2254.0,0.0,2254.0,0.0,25.104259094942325,53.13265306122449,78.23691215616681,
945710,1.0,1.0,0.0,0.0,17.0,50.0,67.0,0.0
945728,117.0,0.0,117.0,0.0,20.76068376068376,15.461538461538462,36.22222222222222,
945894,1506.0,0.0,1506.0,0.0,17.91832669322709,11.809428950863214,29.727755644090305,
945898,3.0,0.0,3.0,0.0,0.3333333333333333,0.0,0.3333333333333333,
945900,4817.0,0.0,4817.0,0.0,18.791986713722235,8.954951214448828,27.74693792817106,
945902,3310.0,0.0,3310.0,0.0,16.68580060422961,8.495770392749245,25.181570996978852,
945904,4080.0,0.0,4080.0,0.0,19.825735294117646,12.931862745098039,32.75759803921569,
946020,1.0,1.0,0.0,0.0,3.0,5.0,8.0,0.0
946032,1.0,1.0,0.0,0.0,8.0,95.0,103.0,0.0
946072,2.0,1.0,1.0,0.0,3.5,87.5,91.0,0.0
946454,13.0,0.0,13.0,0.0,0.0,0.0,0.0,
946468,1.0,1.0,0.0,0.0,25.0,18.0,43.0,0.0
946582,77.0,44.0,33.0,0.0,6.805194805194805,70.49350649350649,77.2987012987013,0.0
946916,32.0,32.0,0.0,0.0,14.4375,36.40625,50.84375,0.0
946988,8.0,3.0,5.0,0.0,5.375,14.875,20.25,0.0
947304,827.0,43.0,784.0,4.0,11.667472793228537,72.32889963724304,83.99637243047158,0.09302325581395349
947306,2.0,2.0,0.0,0.0,10.0,21.0,31.0,0.0
947480,5.0,0.0,5.0,0.0,11.0,43.8,54.8,
947590,190.0,0.0,190.0,0.0,13.115789473684211,35.036842105263155,48.15263157894737,
947592,910.0,0.0,910.0,0.0,15.085714285714285,26.723076923076924,41.808791208791206,
947596,1.0,0.0,1.0,0.0,16.0,56.0,72.0,
947598,492.0,0.0,492.0,0.0,16.6260162601626,20.884146341463413,37.510162601626014,
947600,321.0,0.0,321.0,0.0,17.205607476635514,15.847352024922118,33.05295950155763,
947604,976.0,1.0,975.0,0.0,19.318647540983605,40.403688524590166,59.72233606557377,0.0
947610,24.0,2.0,22.0,0.0,10.916666666666666,111.41666666666667,122.33333333333333,0.0
947612,124.0,1.0,123.0,0.0,14.701612903225806,80.31451612903226,95.01612903225806,0.0
947614,995.0,0.0,995.0,0.0,13.209045226130653,14.001005025125629,27.21005025125628,
947616,2151.0,0.0,2151.0,0.0,16.589493258949325,17.278010227801023,33.86750348675035,
947618,1134.0,0.0,1134.0,0.0,16.567901234567902,26.958553791887127,43.526455026455025,
947620,1277.0,0.0,1277.0,0.0,17.059514487079092,15.901331245105716,32.96084573218481,
947636,109.0,0.0,109.0,0.0,18.28440366972477,31.174311926605505,49.45871559633027,
947638,1344.0,2.0,1342.0,0.0,15.099702380952381,13.863839285714286,28.963541666666668,0.0
947640,538.0,0.0,538.0,0.0,15.96096654275093,24.0,39.96096654275093,
947642,969.0,1.0,968.0,0.0,19.362229102167184,11.163054695562435,30.525283797729617,0.0
947644,470.0,0.0,470.0,0.0,16.580851063829787,35.214893617021275,51.795744680851065,
947646,1984.0,0.0,1984.0,0.0,21.10483870967742,19.049395161290324,40.154233870967744,
947648,3071.0,0.0,3071.0,0.0,18.274177792250082,17.545424943015306,35.819602735265384,
947650,1791.0,0.0,1791.0,0.0,19.22613065326633,36.020658849804576,55.24678950307091,
947652,575.0,0.0,575.0,0.0,21.88695652173913,24.869565217391305,46.756521739130434,
947654,2619.0,0.0,2619.0,0.0,22.321878579610537,24.592974417716686,46.91485299732722,
947658,2855.0,0.0,2855.0,0.0,18.224868651488617,14.922591943957968,33.14746059544658,
947816,44.0,14.0,30.0,0.0,19.704545454545453,52.15909090909091,71.86363636363636,0.0
947818,52.0,15.0,37.0,0.0,11.634615384615385,31.78846153846154,43.42307692307692,0.0
947820,17.0,0.0,17.0,0.0,9.0,38.470588235294116,47.470588235294116,
948150,41.0,32.0,9.0,0.0,10.414634146341463,32.65853658536585,43.073170731707314,0.0
948170,5.0,2.0,3.0,0.0,15.4,58.4,73.8,0.0
948182,627.0,136.0,491.0,0.0,18.352472089314194,53.50079744816587,71.85326953748006,0.0
948282,1.0,1.0,0.0,0.0,1.0,60.0,61.0,0.0
948284,4.0,4.0,0.0,0.0,26.75,18.0,44.75,0.0
948286,384.0,384.0,0.0,18.0,15.927083333333334,52.802083333333336,68.72916666666667,0.046875
948288,24.0,24.0,0.0,1.0,12.875,62.541666666666664,75.41666666666667,0.041666666666666664
948524,4.0,4.0,0.0,0.0,5.5,41.25,46.75,0.0
948756,176.0,1.0,175.0,1.0,8.727272727272727,76.08522727272727,84.8125,1.0
948758,676.0,19.0,657.0,1.0,12.10207100591716,80.27958579881657,92.38165680473372,0.05263157894736842
949252,3.0,3.0,0.0,0.0,13.333333333333334,100.0,113.33333333333333,0.0
949420,6.0,5.0,1.0,0.0,2.0,159.5,161.5,0.0
950444,95.0,0.0,95.0,0.0,16.021052631578947,301.3578947368421,317.37894736842105,
950632,1.0,1.0,0.0,0.0,13.0,25.0,38.0,0.0
950634,9.0,9.0,0.0,0.0,12.222222222222221,13.11111111111111,25.333333333333332,0.0
950640,1.0,1.0,0.0,0.0,9.0,184.0,193.0,0.0
950672,54.0,1.0,53.0,0.0,18.074074074074073,92.24074074074075,110.31481481481481,0.0
950806,13.0,9.0,4.0,0.0,11.538461538461538,25.0,36.53846153846154,0.0
950972,897.0,4.0,893.0,0.0,21.94871794871795,48.123745819397996,70.07246376811594,0.0
951046,58.0,3.0,55.0,0.0,11.293103448275861,28.982758620689655,40.275862068965516,0.0
951118,4.0,4.0,0.0,0.0,32.5,64.5,97.0,0.0
951186,101.0,92.0,9.0,0.0,8.277227722772277,80.41584158415841,88.6930693069307,0.0
951290,21.0,1.0,20.0,0.0,29.80952380952381,75.61904761904762,105.42857142857143,0.0
951332,14.0,9.0,5.0,0.0,21.928571428571427,72.71428571428571,94.64285714285714,0.0
951408,40.0,0.0,40.0,0.0,5.225,50.325,55.55,
951490,33.0,33.0,0.0,1.0,13.909090909090908,132.0909090909091,146.0,0.030303030303030304
951492,196.0,30.0,166.0,0.0,12.433673469387756,115.4795918367347,127.91326530612245,0.0
951506,261.0,43.0,218.0,0.0,14.789272030651341,72.47892720306514,87.26819923371647,0.0
951508,492.0,339.0,153.0,24.0,16.477642276422763,77.86382113821138,94.34146341463415,0.07079646017699115
951526,18.0,18.0,0.0,0.0,14.555555555555555,79.16666666666667,93.72222222222223,0.0
951614,7.0,7.0,0.0,0.0,15.142857142857142,68.28571428571429,83.42857142857143,0.0
951648,161.0,0.0,161.0,0.0,18.1055900621118,29.354037267080745,47.45962732919255,
951650,12.0,2.0,10.0,0.0,21.0,18.916666666666668,39.916666666666664,0.0
952114,692.0,1.0,691.0,0.0,15.829479768786127,32.61705202312139,48.44653179190752,0.0
952116,354.0,0.0,354.0,0.0,16.152542372881356,34.75141242937853,50.90395480225989,
952126,7.0,7.0,0.0,0.0,14.428571428571429,45.285714285714285,59.714285714285715,0.0
952196,5.0,2.0,3.0,0.0,14.4,18.0,32.4,0.0
952292,2.0,2.0,0.0,0.0,40.5,225.5,266.0,0.0
952392,1557.0,0.0,1557.0,0.0,20.0834938985228,27.07000642260758,47.15350032113038,
952458,1738.0,0.0,1738.0,0.0,20.119677790563866,29.751438434982738,49.87111622554661,
952460,199.0,0.0,199.0,0.0,18.402010050251256,43.98994974874372,62.391959798994975,
952462,12.0,10.0,2.0,0.0,20.166666666666668,44.166666666666664,64.33333333333333,0.0
952466,134.0,0.0,134.0,0.0,16.32089552238806,8.194029850746269,24.51492537313433,
952468,1184.0,0.0,1184.0,0.0,17.75506756756757,32.05996621621622,49.81503378378378,
952656,45.0,4.0,41.0,0.0,10.6,67.13333333333334,77.73333333333333,0.0
952666,1.0,1.0,0.0,0.0,15.0,56.0,71.0,0.0
952678,1.0,1.0,0.0,0.0,30.0,91.0,121.0,0.0
952734,452.0,452.0,0.0,0.0,1.1039823008849559,275.8119469026549,276.9159292035398,0.0
952914,705.0,98.0,607.0,0.0,13.974468085106382,53.51914893617021,67.49361702127659,0.0
952916,8.0,1.0,7.0,0.0,25.0,63.375,88.375,0.0
952948,5423.0,4112.0,1311.0,8.0,4.516503780195464,99.15083901899318,103.66734279918865,0.0019455252918287938
952954,3.0,3.0,0.0,0.0,1.0,7.666666666666667,8.666666666666666,0.0
952968,4.0,2.0,2.0,0.0,4.0,8.75,12.75,0.0
952982,9.0,9.0,0.0,0.0,0.8888888888888888,44.0,44.888888888888886,0.0
953362,10.0,0.0,10.0,0.0,4.5,39.0,43.5,
953458,61.0,0.0,61.0,0.0,19.59016393442623,73.75409836065573,93.34426229508196,
953460,10.0,0.0,10.0,0.0,0.4,1.3,1.7,
953462,761.0,0.0,761.0,0.0,17.609724047306177,100.65965834428384,118.26938239159001,
953464,463.0,67.0,396.0,2.0,14.170626349892009,43.36717062634989,57.5377969762419,0.029850746268656716
953940,1.0,1.0,0.0,0.0,9.0,17.0,26.0,0.0
953952,9.0,9.0,0.0,0.0,13.777777777777779,95.77777777777777,109.55555555555556,0.0
954086,32.0,31.0,1.0,0.0,2.25,9.90625,12.15625,0.0
954284,1.0,0.0,1.0,0.0,3.0,0.0,3.0,
954290,12.0,12.0,0.0,0.0,19.333333333333332,126.41666666666667,145.75,0.0
954318,2.0,1.0,1.0,0.0,5.0,6.0,11.0,0.0
954376,4.0,0.0,4.0,0.0,20.25,8.0,28.25,
954378,8.0,0.0,8.0,0.0,16.5,21.0,37.5,
954380,4.0,0.0,4.0,0.0,15.25,18.25,33.5,
954616,7.0,7.0,0.0,0.0,6.571428571428571,57.714285714285715,64.28571428571429,0.0
954642,417.0,0.0,417.0,0.0,20.522781774580334,44.64748201438849,65.17026378896882,
954650,1476.0,462.0,1014.0,3.0,16.634146341463413,48.388888888888886,65.0230352303523,0.006493506493506494
954750,296.0,223.0,73.0,1.0,19.739864864864863,75.04054054054055,94.7804054054054,0.004484304932735426
954810,37.0,37.0,0.0,0.0,9.08108108108108,73.97297297297297,83.05405405405405,0.0
955032,74.0,38.0,36.0,1.0,13.743243243243244,52.608108108108105,66.35135135135135,0.02631578947368421
955068,2.0,0.0,2.0,0.0,0.0,0.0,0.0,
955082,14.0,0.0,14.0,0.0,4.928571428571429,10.571428571428571,15.5,
955086,1.0,0.0,1.0,0.0,6.0,8.0,14.0,
955090,28.0,0.0,28.0,0.0,5.571428571428571,40.464285714285715,46.035714285714285,
955094,2.0,0.0,2.0,0.0,8.0,6.0,14.0,
955164,5.0,2.0,3.0,0.0,19.6,27.0,46.6,0.0
955436,1.0,1.0,0.0,0.0,23.0,120.0,143.0,0.0
955820,9.0,0.0,9.0,0.0,16.0,17.11111111111111,33.111111111111114,
956080,5.0,5.0,0.0,0.0,50.4,237.4,287.8,0.0
956268,29.0,7.0,22.0,0.0,12.482758620689655,14.586206896551724,27.06896551724138,0.0
956276,18.0,8.0,10.0,0.0,7.0,19.944444444444443,26.944444444444443,0.0
956292,5.0,3.0,2.0,0.0,10.6,15.2,25.8,0.0
956298,16.0,0.0,16.0,0.0,12.8125,114.5625,127.375,
956480,90.0,90.0,0.0,0.0,14.355555555555556,117.25555555555556,131.61111111111111,0.0
956484,15.0,15.0,0.0,0.0,20.866666666666667,129.33333333333334,150.2,0.0
956664,1.0,1.0,0.0,0.0,9.0,99.0,108.0,0.0
957022,21.0,0.0,21.0,0.0,10.714285714285714,26.666666666666668,37.38095238095238,
957922,23.0,3.0,20.0,1.0,16.782608695652176,357.8695652173913,374.6521739130435,0.3333333333333333
958394,23.0,23.0,0.0,0.0,7.434782608695652,185.30434782608697,192.7391304347826,0.0
958416,325.0,15.0,310.0,1.0,12.206153846153846,75.91384615384615,88.12,0.06666666666666667
958418,506.0,12.0,494.0,0.0,9.015810276679842,75.72332015810277,84.73913043478261,0.0
958430,325.0,22.0,303.0,0.0,13.095384615384615,108.99692307692308,122.0923076923077,0.0
958432,188.0,17.0,171.0,0.0,13.090425531914894,77.41489361702128,90.50531914893617,0.0
958434,168.0,24.0,144.0,1.0,12.93452380952381,86.52380952380952,99.45833333333333,0.041666666666666664
958440,90.0,0.0,90.0,0.0,5.344444444444444,131.65555555555557,137.0,
958444,78.0,0.0,78.0,0.0,5.564102564102564,34.64102564102564,40.205128205128204,
958452,517.0,38.0,479.0,1.0,16.16441005802708,82.47775628626692,98.642166344294,0.02631578947368421
958454,26.0,2.0,24.0,0.0,7.615384615384615,33.34615384615385,40.96153846153846,0.0
958456,886.0,10.0,876.0,0.0,19.751693002257337,42.51693002257336,62.2686230248307,0.0
958458,1.0,0.0,1.0,0.0,0.0,0.0,0.0,
958460,227.0,113.0,114.0,3.0,29.823788546255507,80.48898678414096,110.31277533039648,0.02654867256637168
958468,537.0,9.0,528.0,0.0,15.271880819366853,89.35567970204842,104.62756052141528,0.0
958470,17.0,4.0,13.0,0.0,19.764705882352942,143.52941176470588,163.2941176470588,0.0
958472,33.0,0.0,33.0,0.0,9.181818181818182,64.54545454545455,73.72727272727273,
958478,329.0,7.0,322.0,0.0,18.404255319148938,119.46808510638297,137.87234042553192,0.0
958480,176.0,0.0,176.0,0.0,13.306818181818182,15.460227272727273,28.767045454545453,
958640,22.0,11.0,11.0,1.0,9.136363636363637,94.9090909090909,104.04545454545455,0.09090909090909091
958672,55.0,0.0,55.0,0.0,5.218181818181818,40.45454545454545,45.67272727272727,
959118,17.0,0.0,17.0,0.0,21.823529411764707,53.23529411764706,75.05882352941177,
959312,214.0,58.0,156.0,7.0,8.841121495327103,61.66822429906542,70.50934579439253,0.1206896551724138
959596,9.0,0.0,9.0,0.0,6.555555555555555,22.11111111111111,28.666666666666668,
960294,297.0,1.0,296.0,0.0,13.710437710437711,35.5016835016835,49.21212121212121,0.0
960296,203.0,2.0,201.0,0.0,12.147783251231527,36.566502463054185,48.714285714285715,0.0
960620,143.0,79.0,64.0,1.0,15.818181818181818,69.76923076923077,85.58741258741259,0.012658227848101266
960648,112.0,33.0,79.0,0.0,18.892857142857142,113.9375,132.83035714285714,0.0
960666,2.0,0.0,2.0,0.0,3.0,125.0,128.0,
960670,3.0,0.0,3.0,0.0,16.333333333333332,33.333333333333336,49.666666666666664,
960672,278.0,0.0,278.0,0.0,14.097122302158274,72.72302158273381,86.82014388489209,
960674,2.0,0.0,2.0,0.0,0.0,0.0,0.0,
960698,6.0,6.0,0.0,0.0,16.833333333333332,246.0,262.8333333333333,0.0
960950,19.0,0.0,19.0,0.0,16.263157894736842,57.578947368421055,73.84210526315789,
961064,928.0,24.0,904.0,0.0,20.195043103448278,40.01831896551724,60.213362068965516,0.0
961552,20.0,3.0,17.0,0.0,9.2,51.9,61.1,0.0
961770,82.0,82.0,0.0,0.0,10.853658536585366,37.30487804878049,48.15853658536585,0.0
962062,22.0,22.0,0.0,0.0,13.636363636363637,40.81818181818182,54.45454545454545,0.0
962168,4.0,4.0,0.0,0.0,17.25,70.75,88.0,0.0
962268,151.0,45.0,106.0,0.0,18.192052980132452,47.19205298013245,65.3841059602649,0.0
962658,747.0,376.0,371.0,0.0,11.61847389558233,58.73627844712182,70.35475234270415,0.0
962902,702.0,244.0,458.0,0.0,14.245014245014245,53.333333333333336,67.57834757834758,0.0
962904,2.0,0.0,2.0,0.0,21.5,0.0,21.5,
963716,1.0,0.0,1.0,0.0,14.0,25.0,39.0,
964510,159.0,16.0,143.0,2.0,11.30188679245283,65.38993710691824,76.69182389937107,0.125
964518,2.0,2.0,0.0,0.0,21.0,6.5,27.5,0.0
964666,920.0,45.0,875.0,3.0,23.217391304347824,59.43369565217391,82.65108695652174,0.06666666666666667
964712,21.0,9.0,12.0,0.0,18.714285714285715,15.19047619047619,33.904761904761905,0.0
964716,326.0,0.0,326.0,0.0,7.021472392638037,84.54601226993866,91.56748466257669,
965232,38.0,0.0,38.0,0.0,10.868421052631579,48.76315789473684,59.63157894736842,
965328,28.0,0.0,28.0,0.0,18.392857142857142,40.464285714285715,58.857142857142854,
965538,548.0,0.0,548.0,0.0,19.427007299270073,93.17518248175182,112.60218978102189,
965540,919.0,0.0,919.0,0.0,24.082698585418935,87.25462459194777,111.3373231773667,
965542,776.0,0.0,776.0,0.0,23.09922680412371,83.39690721649484,106.49613402061856,
965544,1277.0,0.0,1277.0,0.0,19.631166797180892,61.62960062646828,81.26076742364918,
965942,4.0,4.0,0.0,0.0,12.75,53.75,66.5,0.0
966158,37.0,3.0,34.0,0.0,13.837837837837839,171.3783783783784,185.21621621621622,0.0
966686,3.0,2.0,1.0,0.0,14.333333333333334,118.0,132.33333333333334,0.0
967204,3.0,0.0,3.0,0.0,4.0,5.0,9.0,
967310,59.0,1.0,58.0,0.0,19.76271186440678,22.8135593220339,42.57627118644068,0.0
968150,104.0,4.0,100.0,0.0,14.798076923076923,134.03846153846155,148.83653846153845,0.0
968232,1.0,1.0,0.0,0.0,13.0,114.0,127.0,0.0
968338,275.0,16.0,259.0,0.0,18.138181818181817,54.912727272727274,73.05090909090909,0.0
968368,2.0,2.0,0.0,0.0,19.0,27.0,46.0,0.0
968520,10.0,10.0,0.0,0.0,1.0,6.6,7.6,0.0
969262,1.0,0.0,1.0,0.0,17.0,0.0,17.0,
969268,5.0,0.0,5.0,0.0,9.6,28.2,37.8,
969272,466.0,225.0,241.0,1.0,13.53862660944206,38.63948497854077,52.17811158798283,0.0044444444444444444
969284,1.0,0.0,1.0,0.0,4.0,0.0,4.0,
969286,8.0,0.0,8.0,0.0,14.125,154.125,168.25,
969288,5.0,3.0,2.0,0.0,21.8,87.8,109.6,0.0
969294,98.0,84.0,14.0,0.0,9.081632653061224,78.0,87.08163265306122,0.0
969380,15.0,1.0,14.0,0.0,7.533333333333333,6.666666666666667,14.2,0.0
969386,55.0,0.0,55.0,0.0,12.8,30.29090909090909,43.09090909090909,
969600,29.0,0.0,29.0,0.0,13.482758620689655,433.44827586206895,446.9310344827586,
970240,2.0,1.0,1.0,0.0,26.5,10.0,36.5,0.0
970242,10.0,0.0,10.0,0.0,11.0,110.6,121.6,
970244,4.0,2.0,2.0,0.0,24.25,37.0,61.25,0.0
970250,1.0,0.0,1.0,0.0,8.0,0.0,8.0,
970252,8.0,1.0,7.0,0.0,18.5,35.75,54.25,0.0
970254,12.0,3.0,9.0,0.0,26.25,19.083333333333332,45.333333333333336,0.0
970258,1.0,0.0,1.0,0.0,11.0,0.0,11.0,
970484,7.0,0.0,7.0,0.0,6.0,10.714285714285714,16.714285714285715,
970486,6.0,0.0,6.0,0.0,9.333333333333334,50.0,59.333333333333336,
971100,3.0,3.0,0.0,0.0,8.666666666666666,48.666666666666664,57.333333333333336,0.0
971102,78.0,78.0,0.0,0.0,17.564102564102566,136.25641025641025,153.82051282051282,0.0
971354,6.0,6.0,0.0,0.0,14.0,123.83333333333333,137.83333333333334,0.0
972408,8.0,0.0,8.0,0.0,9.375,25.0,34.375,
972410,77.0,0.0,77.0,0.0,19.454545454545453,49.05194805194805,68.50649350649351,
972412,61.0,1.0,60.0,0.0,17.21311475409836,57.34426229508197,74.55737704918033,0.0
972460,70.0,2.0,68.0,0.0,11.442857142857143,33.15714285714286,44.6,0.0
973120,3.0,0.0,3.0,0.0,6.666666666666667,1.6666666666666667,8.333333333333334,
973286,2.0,2.0,0.0,0.0,44.0,8.5,52.5,0.0
